,model_fit
BD00001,0.8171983435575125
BD00004,0.8653992058657668
BD00006,0.6081364800920298
BD00010,0.5177006942271558
BD00014,0.4318855612631997
BD00016,0.2579670581876844
BD00017,0.8804028304438557
BD00018,0.7945152115269953
BD00025,0.8941352093741779
BD00027,0.6366279370733265
BD00028,0.47231348974348253
BD00030,0.5468113505758476
BD00031,0.5805848303451593
BD00032,0.4946155727482831
BD00033,0.5072225699130215
BD00035,0.21513828168830476
BD00036,0.40733685417198134
BD00037,0.4091021891616422
BD00039,0.12827122878212696
BD00040,0.778876514936582
BD00041,0.3353136130858281
BD00042,0.991639206216098
BD00043,0.79830902099292
BD00046,0.9006982144724102
BD00048,0.7394145069656939
BD00049,0.5335538506446577
BD00050,0.3990830848451016
BD00053,0.8776276453351733
BD00054,0.5465768649351846
BD00058,0.6818580357781944
BD00059,0.45763578179233955
BD00060,0.7090798656971461
BD00063,0.6764492485896282
BD00064,0.6037864776033768
BD00066,0.8155121158136883
BD00067,0.9203884478581006
BD00068,0.5463729434353155
BD00069,0.4503432719387552
BD00072,0.576698350231006
BD00074,0.5652510353884137
BD00077,0.2437562368061083
BD00078,0.8113990911853596
BD00082,0.5626796826557801
BD00084,0.6157377011426346
BD00086,0.5148419465608934
BD00087,0.6123330770844996
BD00088,0.661341379850204
BD00095,0.7666780956464286
BD00097,0.42461861152643404
BD00099,0.48587867277778346
BD00100,0.8047630344975752
BD00105,0.5645034366299134
BD00106,0.36440164546509846
BD00107,0.7022452380153774
BD00108,0.7473763275062284
BD00109,0.8349246712233565
BD00111,0.2567465899868835
BD00112,0.5162319774564598
BD00114,0.29093225005880047
BD00119,0.3197715180802207
BD00121,0.7942968467422812
BD00122,0.7133633053456063
BD00123,0.6737539454356943
BD00125,0.5324635629677132
BD00126,0.5836850946334943
BD00128,0.7087632895165088
BD00132,0.8240822939200783
BD00134,0.7345972911630326
BD00135,0.7676211507351335
BD00137,0.5952048044109896
BD00141,0.679160578401809
BD00145,0.1470073778312811
BD00146,0.4835602983713597
BD00147,0.5377669939520558
BD00149,0.8927786801361047
BD00150,0.23497046787383888
BD00154,0.7290580337998123
BD00155,0.26070249261882245
BD00156,0.17418126976000342
BD00157,0.9212218439922795
BD00161,0.6603667188423593
BD00167,0.7774209526836078
BD00171,0.6549578126768849
BD00172,0.8284565941440238
BD00173,0.7213183216334412
BD00174,0.7051750795737067
BD00177,0.5628432692032963
BD00184,0.8701718292930766
BD00185,0.5382330519605849
BD00187,0.038070490451350615
BD00188,0.7411217572624015
BD00192,0.24609475914865464
BD00193,0.49313676693279157
BD00194,0.7414044019466068
BD00195,0.6580860374166051
BD00196,0.7855226843797642
BD00197,0.5832053382227296
BD00198,0.563223111369851
BD00200,0.11929565956411609
BD00202,0.5333386422831634
BD00204,0.7851549944457733
BD00205,0.1436338627662855
BD00206,0.7793189290996487
BD00208,0.24364787753183195
BD00215,0.13366856654962078
BD00216,0.8354109763467699
BD00219,0.541291987897896
BD00224,0.12547315939661002
BD00225,0.2661637189474466
BD00228,0.6228794253260377
BD00229,0.75088731612893
BD00230,0.6427445444667814
BD00232,0.7740403093030089
BD00234,0.5227259928451818
BD00235,0.7687883571596777
BD00236,0.7312311579171829
BD00237,0.887903799727832
BD00239,0.7334741733738739
BD00248,0.47613847167959844
BD00249,0.5918960687273759
BD00250,0.482773571172952
BD00252,0.7226589384523956
BD00253,0.8029176110071882
BD00255,0.30195630535255497
BD00256,0.5975918388037805
BD00264,0.6577416048801903
BD00265,0.4641548183413403
BD00266,0.8086917613002041
BD00269,0.5972103734150703
BD00273,0.2989946447370557
BD00275,0.4417731851914366
BD00277,0.501571152495788
BD00278,0.40458199652696175
BD00281,0.17324261410919847
BD00286,0.7935158960004273
BD00287,0.6237426523871207
BD00293,0.8949298594527294
BD00296,0.600197511878804
BD00301,0.4629856751216192
BD00304,0.7766304893304786
BD00308,0.7525343628883346
BD00309,0.5994062200898804
BD00310,0.774143624032198
BD00311,0.7848660773138714
BD00313,0.7239061419014109
BD00322,0.4560015573950422
BD00326,0.8132948317639017
BD00327,0.743260279888223
BD00328,0.6325567841929531
BD00329,0.5296572586050979
BD00331,0.13570575079468017
BD00332,0.6852394826321486
BD00334,0.725828577014524
BD00339,0.6753834690563327
BD00341,0.8599945902641654
BD00342,0.9585219733874109
BD00343,0.5489110503615778
BD00345,0.6913544471060791
BD00347,0.6790724832683693
BD00349,0.7168346377207706
BD00357,0.8130806269730899
BD00358,0.7288825227080855
BD00360,0.33000329284980234
BD00361,0.6681334114046539
BD00363,0.7303639990885226
BD00364,0.6305325585603285
BD00365,0.7546740793436333
BD00367,0.6271257648066886
BD00370,0.582213001146265
BD00371,0.6349068463571234
BD00374,0.18958785197878944
BD00375,0.8116510277163029
BD00379,0.7065426909977842
BD00385,0.3612029555007097
BD00386,0.9833551651505064
BD00387,0.5738522509345392
BD00389,0.7895246031014039
BD00390,0.7711467484640644
BD00393,0.36863961195987355
BD00394,0.6772999050073045
BD00395,0.8072101358276387
BD00398,0.8454836639389777
BD00401,0.35778236262624474
BD00403,0.8219995564582344
BD00407,0.2991444127947532
BD00408,0.2165997830575993
BD00409,0.5374533710845757
BD00410,0.3388926450315801
BD00412,0.647730862009203
BD00416,0.4626768876440908
BD00419,0.4866001030689153
BD00421,0.6359026262393684
BD00423,0.6230100629534111
BD00426,0.6330920982346934
BD00427,0.6077123902522218
BD00428,0.6496629133654576
BD00431,0.6275157092609283
BD00433,0.8100317138002141
BD00435,0.23335481517537734
BD00438,0.6952689521640346
BD00442,0.6838071255744662
BD00444,0.7596514231702344
BD00448,0.21010190775047202
BD00450,0.3858041544062108
BD00453,0.7826698402552034
BD00458,0.4759767526986046
BD00467,0.9236551636603226
BD00469,0.7127853923749126
BD00470,0.5786580158808652
BD00474,0.7413409846814676
BD00475,0.8282282704837315
BD00476,0.4622681125517333
BD00477,0.4818946817741806
BD00479,0.24205756462656605
BD00480,0.8019216599523739
BD00485,0.7621326014545707
BD00486,0.631996590076431
BD00487,0.3580392167100409
BD00490,0.655944584009316
BD00492,0.8130224987706256
BD00494,0.7299424947644143
BD00495,0.907942202389383
BD00497,0.624885722644572
BD00502,0.6210088526022811
BD00505,0.13002957720263175
BD00508,0.590746432995337
BD00509,0.8187111223108429
BD00510,0.3046665156567344
BD00511,0.8220673784042082
BD00512,0.15982792850595365
BD00514,0.6545150249132899
BD00526,0.6109587618221884
BD00529,0.6844128444565737
BD00531,0.7397171583667913
BD00534,0.6725075219721118
BD00535,0.6764374422672678
BD00536,0.8063144740443453
BD00538,0.7541663263433485
BD00539,0.7100468874292861
BD00540,0.8075614955929266
BD00541,0.6199554565787124
BD00545,0.6819729136142442
BD00546,0.8170386253459815
BD00548,0.7475113439634723
BD00550,0.7855380493320961
BD00556,0.6947518588088866
BD00559,0.8287081258018185
BD00560,0.6680767904506372
BD00563,0.8304064905202919
BD00565,0.5645072091752825
BD00566,0.6714103338662256
BD00567,0.6956559623629369
BD00569,0.08716063113867661
BD00571,0.6332960900680854
BD00577,0.824588401669224
BD00579,0.6661504224857863
BD00580,0.7391532990292264
BD00581,0.12476821604090232
BD00586,0.4844397069858766
BD00588,0.4852575730022618
BD00590,0.5184658404568274
BD00593,0.6434573271360111
BD00594,0.9259499473011129
BD00596,0.6831578411832981
BD00597,0.46180754378399347
BD00598,0.617560805619608
BD00599,0.7544561309845712
BD00600,0.8669685928892074
BD00604,0.4351944301676382
BD00605,0.6518873213114292
BD00606,0.8152445217807534
BD00607,0.7757386776713979
BD00610,0.6569523690316237
BD00611,0.32424258733955513
BD00612,0.7005156344543974
BD00613,0.7434022452713462
BD00614,0.5633097709645629
BD00616,0.6606469400137159
BD00621,0.7276840872013307
BD00624,0.3910807649319498
BD00625,0.8726567318665732
BD00626,0.7664584128014742
BD00627,0.6277673543442247
BD00628,0.15190815666157415
BD00629,0.7422720277007495
BD00630,0.5184824167965517
BD00631,0.7206609091452381
BD00633,0.3123884529406962
BD00637,0.7052129509536487
BD00639,0.7733890172413569
BD00640,0.6710213597515282
BD00641,0.5443013173234675
BD00643,0.46507726649055625
BD00644,0.4431755113275298
BD00645,0.9595993865028787
BD00646,0.7494871126991353
BD00649,0.7744692527096184
BD00652,0.5321492428551492
BD00653,0.37652882170431573
BD00654,0.27161463044684697
BD00655,0.6925126684747006
BD00662,0.637503782531595
BD00663,0.9186980773316964
BD00664,0.8070773725917403
BD00666,0.7747271473237661
BD00667,0.7252909922241837
BD00669,0.8724209855725246
BD00670,0.7463340745249121
BD00671,0.48473212891000955
BD00672,0.764432285161646
BD00673,0.7871603781530501
BD00675,0.2466675832850856
BD00676,0.175588843656148
BD00679,0.5848301065718151
BD00680,0.7530066468953203
BD00681,0.7370676166022898
BD00682,0.9238411245128944
BD00683,0.6662941117457091
BD00684,0.5752954240183644
BD00686,0.6505466181551999
BD00688,0.8215951884840832
BD00689,0.48553831245588486
BD00690,0.8395615778125606
BD00691,0.5946659974920853
BD00692,0.5870465086193816
BD00693,0.7735289372493364
BD00695,0.4223927512013072
BD00698,0.6084129626366227
BD00700,0.7313734135684096
BD00701,0.4125096971309719
BD00702,0.8312399996671969
BD00703,0.7262567815084735
BD00705,0.293600265841171
BD00708,0.7706896980445298
BD00710,0.6453730579556209
BD00711,0.3457658573570582
BD00713,0.7311936260520299
BD00715,0.6260721700887522
BD00720,0.5787160614976221
BD00722,0.8442184835549078
BD00723,0.39628437270635336
BD00726,0.7804551580029803
BD00976,0.9223517036451847
BD01011,0.6126526797359508
BD01328,0.9042046272256026
BD01329,0.6171275830682491
BD01330,0.5903149242902812
BD01332,0.26784042437772615
NHLxxI1,0.4585437790119664
NHLxxI2,0.6486271721321633
NHLxxI3,0.7037498540492237
NHLxxI4,0.5186213343553608
NHLxxI5,0.5028600642475991
NHLxxI6,0.578090561147663
NHLxxI7,0.6901988100829305
NHLxxI8,0.8320182902755191
NHLxxI9,0.6692112544301826
NHLxxI10,0.8475901250432879
NHLxxI11,0.3931748756074362
NHLxxI12,0.611280563788626
NHLxxI13,0.5946303230705607
NHLxxI14,0.7862653697645705
NHLxxI15,0.6379585517541185
NHLxxI16,0.7719532933558899
NHLxxI17,0.5658344550333462
NHLxxI18,0.37876087134702485
NHLxxI19,0.7970324115426691
NHLxxI20,0.29382609853804276
NHLxxI22,0.7441366323479474
NHLxxI23,0.6594712797041334
NHLxxI24,0.7809144769534081
NHLxxI25,0.7306031453268131
NHLxxI26,0.7796255552030398
NHLxxI27,0.4795870412531306
NHLxxI28,0.6920338211668887
NHLxxI29,0.5903837215168085
NHLxxI30,0.651442162911434
NHLxxI31,0.6385699397717446
NHLxxI32,0.8973761949829383
NHLxxI33,0.4591092166426634
NHLxxI35,0.6903977600504498
NHLxxI36,0.719234017962053
NHLxxI37,0.8183782621423802
NHLxxI38,0.3733659114332152
NHLxxI39,0.5223847764563792
NHLxxI40,0.43838129204035037
NHLxxI41,0.7793978805926632
NHLxxI42,0.5903066125210232
NHLxxI43,0.6628515656883551
NHLxxI44,0.7520482006308769
NHLxxI45,0.5561156427435159
NHLxxI46,0.7225127820107438
NHLxxI47,0.17465691757696153
NHLxxI48,0.6896497802712677
NHLxxI49,0.7023018208084713
NHLxxI50,0.6452082910940451
NHLxxI51,0.4393928706005592
NHLxxI52,0.32329863930236796
NHLxxI53,0.5702191908790436
NHLxxI54,0.5220813377890707
NHLxxI55,0.7309202931497901
NHLxxI56,0.6514498966308614
NHLxxI57,0.761210412859547
NHLxxI58,0.75193245439839
NHLxxI59,0.715690970952345
NHLxxI60,0.9162271874249471
NHLxxI61,0.5463207593669331
NHLxxI62,0.8569811710008015
NHLxxI63,0.682595077318603
NHLxxI64,0.7146512918131147
NHLxxI65,0.5533881272209231
NHLxxI66,0.30926280293962133
NHLxxI67,0.6011621823790907
NHLxxI68,0.7867039486680665
NHLxxI69,0.8369927162143301
NHLxxI70,0.4546864153257132
NHLxxI71,0.6909649732384563
NHLxxI72,0.6218458187203943
NHLxxI73,0.5985947889748066
NHLxxI74,0.6688918263337719
NHLxxI75,0.5918507014224135
NHLxxI76,0.6502914739280503
NHLxxI77,0.5760249638139975
NHLxxI78,0.7051164731310869
NHLxxI79,0.49725283639459233
NHLxxI80,0.7592176844840774
NHLxxI81,0.7016235148915937
NHLxxI82,0.3785440302212788
NHLxxI83,0.6169879639849535
NHLxxI84,0.7743726991650756
NHLxxI85,0.4239584636843184
NHLxxI86,0.3419214659953415
NHLxxI87,0.5894340647608352
NHLxxI88,0.5457280504652788
NHLxxI89,0.34767908180495966
NHLxxI90,0.8407353857255064
NHLxxI91,0.810544948786551
NHLxxI92,0.5047257959888746
NHLxxI93,0.5774052030162772
NHLxxI94,0.4583252391965001
NHLxxI95,0.7878660534150224
NHLxxI96,0.7980053122391613
NHLxxI97,0.6562598427928125
NHLxxI98,0.6001781525790584
NHLxxI99,0.5795200870180142
NHLxxI101,0.6521684904319737
NHLxxI102,0.6361309191960581
NHLxxI103,0.4878138303268037
NHLxxI104,0.7586853063855151
NHLxxI105,0.8270697402560762
NHLxxI106,0.6146442112665357
NHLxxI107,0.9530663844906238
NHLxxI108,0.8903302620395791
NHLxxI109,0.8959107888940914
NHLxxI110,0.4453904856087598
NHLxxI111,0.448207424731799
NHLxxI112,0.8231125997622257
NHLxxI113,0.675070826655494
NHLxxI114,0.6244690393332284
NHLxxI115,0.5331868276446793
NHLxxI116,0.6799503797418298
NHLxxI117,0.5672873238881795
NHLxxI118,0.7366415940246474
NHLxxI119,0.7537786449475381
NHLxxI120,0.6915553136275998
NHLxxI121,0.5377922934596161
NHLxxI122,0.7345393335445158
NHLxxI123,0.6145580107342216
NHLxxI124,0.7571299592320002
NHLxxI125,0.44630309455078065
NHLxxI126,0.6347182577426405
NHLxxI127,0.6080754675837243
NHLxxI128,0.47570017191052144
NHLxxI129,0.5740690158536239
NHLxxI130,0.8395443342835899
NHLxxI131,0.8523238094108823
NHLxxI132,0.9787358173766115
NHLxxI133,0.7184762595542528
NHLxxI134,0.5771014746966449
NHLxxI135,0.397402080789342
NHLxxI136,0.8276955000675571
NHLxxI137,0.5274013174389047
NHLxxI138,0.5677053973778137
NHLxxI139,0.843301009278328
NHLxxI140,0.7553596885926306
NHLxxI141,0.8662267237164873
NHLxxI142,0.4798464821863758
NHLxxI143,0.664022040826753
NHLxxI144,0.4296681213375883
NHLxxI145,0.4349129282932129
NHLxxI146,0.5848804963808348
NHLxxI147,0.3616366396053861
NHLxxI148,0.7773359267573098
NHLxxI149,0.6602030796641032
NHLxxI150,0.882581745561977
NHLxxI151,0.5540849309419619
NHLxxI152,0.5412106996660994
NHLxxI154,0.8057720527190986
NHLxxI155,0.46695974360710607
NHLxxI156,0.5625085846357427
NHLxxI157,0.5192918286214965
NHLxxI158,0.4900389113944979
NHLxxI159,0.335710496575344
NHLxxI160,0.6979046490694844
NHLxxI161,0.796903638307817
NHLxxI162,0.9673948079813824
NHLxxI163,0.578912137805126
NHLxxI164,0.39926795358314426
NHLxxI165,0.6489453617548433
NHLxxI166,0.5459060033353254
NHLxxI167,0.7803763129224163
NHLxxI168,0.6004576753816772
NHLxxI169,0.5965024061374078
NHLxxI170,0.5510401094526635
NHLxxI171,0.6730008252093961
NHLxxI172,0.6060461014930156
NHLxxI173,0.4480757793168762
NHLxxI174,0.8068234716291572
NHLxxI175,0.8366943661528969
NHLxxI176,0.6233067695372948
NHLxxI177,0.5885879839626138
NHLxxI178,0.7248260407721228
NHLxxI179,0.8165102413004242
NHLxxI180,0.5244929298901564
NHLxxI181,0.8090239178921332
NHLxxI182,0.42473923943349723
NHLxxI183,0.7341152687948852
NHLxxI184,0.20265968296007608
NHLxxI185,0.875453352914483
NHLxxI186,0.7581924321048118
NHLxxI187,0.7711052279987897
NHLxxI188,0.5331734247640808
NHLxxI189,0.5515591167987842
NHLxxI190,0.09961066764811373
NHLxxI191,0.7857978563613183
NHLxxI192,0.49601986523243413
NHLxxI193,0.4842085455854553
NHLxxI194,0.7159280840152895
NHLxxI195,0.7734479167753416
NHLxxI196,0.5088038769830984
NHLxxI197,0.7585844127691103
NHLxxI198,0.5759986854952095
NHLxxI199,0.7456538172997142
NHLxxI200,0.84257742759777
NHLxxI201,0.5698591595999557
NHLxxI202,0.5597206188127625
NHLxxI203,0.7653558048558924
NHLxxI204,0.8342005764882916
NHLxxI205,0.4516254084441236
NHLxxI206,0.7001015266096512
NHLxxI207,0.6429661631541228
NHLxxI208,0.5760788689159877
NHLxxI209,0.3618838277907515
NHLxxI210,0.4534145402770552
NHLxxI211,0.5339090799517645
NHLxxI212,0.3171041450031508
NHLxxI213,0.9081551035690497
NHLxxI214,0.7967676526081126
NHLxxI215,0.7609275530922075
NHLxxI216,0.6290586985036012
NHLxxI217,0.7348372382773932
NHLxxI218,0.650074748484842
NHLxxI219,0.7172001259274289
NHLxxI220,0.4002174258263755
NHLxxI221,0.7420370074790138
NHLxxI222,0.7075763016432566
NHLxxI223,0.5951162824537896
NHLxxI224,0.6067702600966255
NHLxxI225,0.6657044189871835
NHLxxI226,0.336974530195704
NHLxxI227,0.745269385337545
NHLxxI228,0.4348633749568825
NHLxxI229,0.645672906167077
NHLxxI230,0.7306522484734069
NHLxxI231,0.5056120728030146
NHLxxI232,0.9166618085180311
NHLxxI233,0.7664414873737986
NHLxxI234,0.9008937054636098
NHLxxI235,0.6304126550703697
NHLxxI236,0.5388347675041925
NHLxxI237,0.6458631501727068
NHLxxI238,0.884235837140407
NHLxxI239,0.6374691584823838
NHLxxI240,0.7207031552246111
NHLxxI241,0.6967055793936137
NHLxxI242,0.9151850981898277
NHLxxI243,0.24671772586187696
NHLxxI244,0.7695224566079792
NHLxxI245,0.5277832896599592
NHLxxI246,0.48536089802372434
NHLxxI247,0.5589948891776082
NHLxxI248,0.3603394611308738
NHLxxI249,0.6028145350874625
NHLxxI250,0.6665012892445709
NHLxxI251,0.487452838308413
NHLxxI252,0.7107114817771103
NHLxxI253,0.566344304688628
NHLxxI254,0.6392420904285878
NHLxxI255,0.9143389803507312
NHLxxI256,0.5529720293976242
NHLxxI257,0.5793725823265442
NHLxxI258,0.7618276193713054
NHLxxI259,0.4859808008949307
NHLxxI260,0.8920828656754771
NHLxxI261,0.679904936833709
NHLxxI262,0.6504019986458172
NHLxxI263,0.900329372163788
NHLxxI264,0.6604419542822038
NHLxxI265,0.8547274485928108
NHLxxI266,0.7338595130815028
NHLxxI267,0.7374201799317139
NHLxxI268,0.5260012039658942
NHLxxI269,0.717073699004358
NHLxxI270,0.37639851120140766
NHLxxI271,0.7549767889256258
NHLxxI272,0.8103595008131778
NHLxxI273,0.37194395385318496
NHLxxI274,0.664034043686639
NHLxxI275,0.4235538843132265
NHLxxI276,0.899971895876988
NHLxxI277,0.35255940218350484
NHLxxI278,0.9129867465562974
NHLxxI279,0.3805476981547719
NHLxxI280,0.5250975955386106
NHLxxI281,0.2564959854298197
NHLxxI282,0.6430053902244319
NHLxxI283,0.6332137888321892
NHLxxI284,0.9421899527165485
NHLxxI285,0.3268304220271995
NHLxxI286,0.8334013266310254
NHLxxI287,0.6561029238811388
NHLxxI288,0.6571788522834315
NHLxxI289,0.7590345130235749
NHLxxI290,0.561585313537956
NHLxxI291,0.5451595328981441
NHLxxI292,0.6111530325750305
NHLxxI294,0.4737159633502276
NHLxxI295,0.6269082580039403
NHLxxI296,0.782345317619419
NHLxxI297,0.48008002801623095
NHLxxI298,0.5597337290048259
NHLxxI299,0.733381880181055
NHLxxI300,0.802206430142821
NHLxxI301,0.3805515004225031
NHLxxI302,0.6748259610852968
NHLxxI303,0.4259004475744533
NHLxxI304,0.6410815722898161
NHLxxI305,0.7698341132979121
NHLxxI306,0.6296538963005821
NHLxxI307,0.6496904006792176
NHLxxI308,0.40408994529809217
NHLxxI309,0.41830847711841007
NHLxxI310,0.7819630692354799
NHLxxI311,0.6633457428966291
NHLxxI312,0.6233541160727346
NHLxxI313,0.5044147067127042
NHLxxI314,0.7588947278396255
NHLxxI315,0.608818399711828
NHLxxI316,0.7272098289746989
NHLxxI317,0.23245567151779825
NHLxxI318,0.5198429805121759
NHLxxI319,0.6742879759043614
NHLxxI320,0.901010610916579
NHLxxI322,0.8944438339758837
NHLxxI323,0.7589084323973273
NHLxxI324,0.7577802004419065
NHLxxI325,0.7185047214168995
NHLxxI326,0.7516185139314787
NHLxxI327,0.7884109535705199
NHLxxI328,0.67647459370512
NHLxxI329,0.7477667976449508
NHLxxI330,0.9537862209171031
NHLxxI331,0.8198708761033774
NHLxxI332,0.7975869324677402
NHLxxI333,0.7161385864386643
NHLxxI334,0.7018139999991905
NHLxxI335,0.6253065113133291
NHLxxI336,0.5809436766175199
NHLxxI337,0.636381710940382
NHLxxI338,0.7711020824131684
NHLxxI339,0.555693539942597
NHLxxI340,0.5408272932879943
NHLxxI341,0.4685487229467867
NHLxxI342,0.22931326687925524
NHLxxI343,0.44618706758882387
NHLxxI344,0.4441246407621716
NHLxxI345,0.8375014944242869
NHLxxI346,0.8232242408456942
NHLxxI347,0.6899012475541074
NHLxxI348,0.6553153249973084
NHLxxI349,0.5523031847870822
NHLxxI350,0.5827538805870265
NHLxxI351,0.3078737599421224
NHLxxI352,0.6213318261117344
NHLxxI353,0.6150668677214882
NHLxxI354,0.7484618914289589
NHLxxI355,0.679937536717511
NHLxxI356,0.8309079406349072
NHLxxI357,0.6116293839272786
NHLxxI358,0.6914393272796254
NHLxxI359,0.5612757610907639
NHLxxI360,0.5116651766642408
NHLxxI361,0.709960342948226
NHLxxI362,0.75185815681856
NHLxxI363,0.4555919440430415
NHLxxI364,0.5099519905711203
NHLxxI365,0.4592572007608647
NHLxxI366,0.7843655770269992
NHLxxI367,0.7771177519919598
NHLxxI368,0.5371629563260634
NHLxxI369,0.5589925639208151
NHLxxI370,0.7475343342275405
NHLxxI371,0.6868350830333398
NHLxxI372,0.5147548181477356
NHLxxI373,0.8502876823688772
NHLxxI374,0.45844605509099967
NHLxxI375,0.278823628258044
NHLxxI376,0.9171317135975985
NHLxxI377,0.6220817624927865
NHLxxI378,0.8816049810865219
NHLxxI379,0.6827507269923406
NHLxxI380,0.5745466751522265
NHLxxI381,0.798911314021461
NHLxxI382,0.6932731635866903
NHLxxI383,0.6895126384895117
NHLxxI384,0.568083447905911
NHLxxI385,0.5835544172546494
NHLxxI386,0.6618595011276285
NHLxxI387,0.6669142757700698
NHLxxI388,0.7327246492744706
NHLxxI389,0.7372047675730425
NHLxxI390,0.28971698299443255
NHLxxI391,0.5852694219749585
NHLxxI392,0.5827844136350451
NHLxxI393,0.6627993030210447
NHLxxI394,0.6848153861212857
NHLxxI395,0.6781236161734671
NHLxxI396,0.7871323639241026
NHLxxI397,0.5388366292371429
NHLxxI398,0.3450342267535974
NHLxxI399,0.46698954074686977
NHLxxI400,0.3214801277861237
NHLxxI401,0.7533201645141191
NHLxxI402,0.44464855165209693
NHLxxI403,0.9257553377334767
NHLxxI404,0.7358737957397299
NHLxxI406,0.49355771626800393
NHLxxI407,0.5680570524583007
NHLxxI408,0.6016797496019174
NHLxxI409,0.7279853096283345
NHLxxI410,0.49824205648948383
NHLxxI411,0.48620296255396134
NHLxxI413,0.5476285389117668
NHLxxI414,0.822414667630593
NHLxxI415,0.5172957502174917
NHLxxI416,0.35640872300758897
NHLxxI417,0.7599378149017785
NHLxxI418,0.23860150311730483
NHLxxI419,0.7248709839856875
NHLxxI420,0.8314647861174789
NHLxxI421,0.6418062813659229
NHLxxI422,0.7433416609504426
NHLxxI423,0.5530124470029151
NHLxxI424,0.7667630953669523
NHLxxI425,0.5758246127790236
NHLxxI426,0.668595488513363
NHLxxI427,0.7762879743355687
NHLxxI428,0.5363106553583844
NHLxxI429,0.26950837554494905
NHLxxI430,0.8491952007718417
NHLxxI431,0.6750431118730745
NHLxxI432,0.6867853390124049
NHLxxI433,0.779637419802519
NHLxxI434,0.9089111342731129
NHLxxI435,0.5641485240126128
NHLxxI436,0.5546796436438075
NHLxxI437,0.7841131395201504
NHLxxI438,0.5362792190167119
NHLxxI439,0.9757442061865147
NHLxxI440,0.6430919140554573
NHLxxI441,0.39918197512158055
NHLxxI442,0.5531574426370534
NHLxxI443,0.5548130092118368
NHLxxI444,0.5108244948774279
NHLxxI445,0.6524033901093537
NHLxxI446,0.7934470424265059
NHLxxI447,0.43310624831175126
NHLxxI448,0.4353162249871079
NHLxxI449,0.6385302400509943
NHLxxI450,0.2610156733234991
NHLxxI451,0.42344210942128596
NHLxxI452,0.717988324527186
NHLxxI453,0.7396928068966968
NHLxxI454,0.8911786391540683
NHLxxI455,0.7535407664705314
NHLxxI456,0.6464486334677754
NHLxxI457,0.8950525749195051
NHLxxI458,0.6169775673517228
NHLxxI459,0.7973336523045245
NHLxxI460,0.7181692166284529
NHLxxI461,0.589830506279848
NHLxxI462,0.5239779085851557
NHLxxI463,0.5839974705316975
NHLxxI464,0.5147199178027712
NHLxxI465,0.44243089963775717
NHLxxI466,0.7110109702185868
NHLxxI467,0.7564950379618416
NHLxxI468,0.4278597938987944
NHLxxI469,0.21732333312737484
NHLxxI470,0.9221862290210893
NHLxxI471,0.5443570077278467
NHLxxI472,0.721416890045701
NHLxxI473,0.6444546117271643
NHLxxI474,0.418461159404248
NHLxxI475,0.6126929772888714
NHLxxI476,0.7442986423579329
NHLxxI477,0.2346827442670067
NHLxxI478,0.6246727674416743
NHLxxI479,0.6353504130692815
NHLxxI480,0.868090697990077
NHLxxI481,0.6402758055433542
NHLxxI482,0.5539354203465754
NHLxxI483,0.7548169618708205
NHLxxI484,0.6639203060899881
NHLxxI485,0.5452190930075261
NHLxxI486,0.840522791284839
NHLxxI487,0.35796746205160596
NHLxxI488,0.8136741348005778
NHLxxI489,0.5925599788067206
NHLxxI490,0.5836731573630046
NHLxxI491,0.3995063830836737
NHLxxI492,0.5871783785545698
NHLxxI493,0.7216969030021751
NHLxxI494,0.5780286588520074
NHLxxI495,0.7102712911271735
NHLxxI496,0.40663365010492986
NHLxxI498,0.658607195972103
NHLxxI499,0.9352678396933608
NHLxxI500,0.3860349555091995
NHLxxI501,0.765367608362074
NHLxxI502,0.589389458865962
NHLxxI503,0.30584684894552505
NHLxxI504,0.563283489237309
NHLxxI505,0.31946902039096237
NHLxxI506,0.6138801928217236
NHLxxI507,0.7033186472216953
NHLxxI508,0.37724445320041894
NHLxxI510,0.6662413153965365
NHLxxI511,0.5771142150127028
NHLxxI512,0.3515092330746269
NHLxxI513,0.7967579824155893
NHLxxI514,0.5094418614659857
NHLxxI515,0.607871618870251
NHLxxI516,0.6348628794914583
NHLxxI517,0.4139701179198139
NHLxxI518,0.5897213965584913
NHLxxI520,0.8380829700877951
NHLxxI521,0.697170908514644
NHLxxI522,0.5061814263288975
NHLxxI523,0.555050668315685
NHLxxI524,0.7416497295571101
NHLxxI525,0.5488934389471924
NHLxxI526,0.5918849661262042
NHLxxI527,0.49097365260739356
NHLxxI528,0.4036825246882586
NHLxxI529,0.7171453160587256
NHLxxI531,0.41533207650730253
NHLxxI532,0.6505362851789942
NHLxxI533,0.8275339331093547
NHLxxI534,0.6184171780269117
NHLxxI535,0.41360538456065504
NHLxxI536,0.6860643915469835
NHLxxI537,0.9600406065951297
NHLxxI538,0.6102155585567517
NHLxxI539,0.6402666094403567
NHLxxI540,0.6681437389496085
NHLxxI541,0.4572605385617673
NHLxxI542,0.5108662665666026
NHLxxI543,0.6596463006464457
NHLxxI544,0.6705786849372987
NHLxxI545,0.7568286837985927
NHLxxI546,0.5823051464567972
NHLxxI547,0.594551305827502
NHLxxI548,0.5356176838358155
NHLxxI549,0.45644181041098114
NHLxxI550,0.5671972133724728
NHLxxI551,0.8356493647209853
NHLxxI552,0.7348349366480196
NHLxxI553,0.5648311940246845
NHLxxI554,0.7247683323934598
NHLxxI555,0.3560917545955584
NHLxxI557,0.7486312042326466
NHLxxI558,0.6247569670776023
NHLxxI559,0.6229236990372994
NHLxxI560,0.5684295960282232
NHLxxI561,0.5922756312659756
NHLxxI562,0.5221248688142852
NHLxxI563,0.4926568169727237
NHLxxI564,0.5137188210139978
NHLxxI565,0.4218236491672095
NHLxxI566,0.6212970926137513
NHLxxI567,0.7934995668161049
NHLxxI568,0.7953098618174869
NHLxxI569,0.7657215586446346
NHLxxI570,0.9180320342795489
NHLxxI571,0.738375215098018
NHLxxI572,0.7216207510711284
NHLxxI573,0.5913600083498829
NHLxxI574,0.6610866759325652
NHLxxI575,0.397726524605992
NHLxxI576,0.608271560441268
NHLxxI577,0.8230120603922163
NHLxxI578,0.4886066500336885
NHLxxI579,0.5387041046473954
NHLxxI580,0.677111798480918
NHLxxI581,0.6221643314866376
NHLxxI582,0.7984138886005443
NHLxxI583,0.6437381387598505
NHLxxI584,0.6435468828089872
NHLxxI585,0.8749523582243667
NHLxxI586,0.7891185590383819
NHLxxI587,0.4166403247242185
NHLxxI588,0.8559459446063681
NHLxxI589,0.2698626060226112
NHLxxI590,0.5965362613933765
NHLxxI591,0.5925627367240416
NHLxxI592,0.657131735369257
NHLxxI593,0.8080252348608099
NHLxxI594,0.5869742614361446
NHLxxI595,0.7873230099689077
NHLxxI596,0.9631822313446381
NHLxxI597,0.7186788568043793
NHLxxI598,0.49956355909158917
NHLxxI599,0.8497153382656314
NHLxxI600,0.5379008701750044
NHLxxI601,0.7556747378158375
NHLxxI602,0.618731205246527
NHLxxI603,0.6254684518098275
NHLxxI604,0.7658666053738326
NHLxxI605,0.4991230565308724
NHLxxI606,0.9024279853231317
NHLxxI607,0.8775176838525638
NHLxxI608,0.8646148593461468
NHLxxI609,0.4932955412691223
NHLxxI610,0.8289788042612551
NHLxxI611,0.8586118248442393
NHLxxI612,0.4700521195360257
NHLxxI613,0.5105598986146214
NHLxxI614,0.8670202567911917
NHLxxI615,0.6419526454638778
NHLxxI616,0.7313793300811935
NHLxxI617,0.5001269033955641
NHLxxI618,0.7023460511615326
NHLxxI619,0.6852706978072846
NHLxxI620,0.4286901754318394
NHLxxI621,0.7022708792385793
NHLxxI622,0.4467255193373874
NHLxxI623,0.6392775425613011
NHLxxI624,0.7154690024062829
NHLxxI625,0.6760961326030587
NHLxxI626,0.5397266700829395
NHLxxI627,0.5968056799503824
NHLxxI628,0.5588912342943889
NHLxxI629,0.6509943977669462
NHLxxI630,0.5940489197210743
NHLxxI631,0.5994677296019026
NHLxxI632,0.6575443817453677
NHLxxI633,0.4746513412773348
NHLxxI634,0.6254219623611667
NHLxxI635,0.5575396614689445
NHLxxI636,0.5536640640206661
NHLxxI637,0.7817673293016654
NHLxxI638,0.4329500152508755
NHLxxI639,0.6437422362159293
NHLxxI640,0.6607601790277224
NHLxxI641,0.7432242109504125
NHLxxI642,0.5020323601869041
NHLxxI643,0.9839350526140875
NHLxxI644,0.4891246108560041
NHLxxI645,0.8066794938627242
NHLxxI646,0.6025830403038713
NHLxxI647,0.6161938453534693
NHLxxI648,0.6338760123139486
NHLxxI649,0.5161784555501747
NHLxxI650,0.5571904765559226
NHLxxI651,0.8376217919130262
NHLxxI652,0.6357772165979585
NHLxxI653,0.6333139741992457
NHLxxI654,0.6091080026360742
NHLxxI655,0.3677390638278985
NHLxxI656,0.16672232925536365
NHLxxI657,0.5679419412795338
NHLxxI658,0.7528737535041351
NHLxxI659,0.6055184833641722
NHLxxI660,0.7830647024287601
NHLxxI661,0.7137480171244202
NHLxxI662,0.47339262384831526
NHLxxI663,0.7236235758462958
NHLxxI664,0.6580633430066535
NHLxxI665,0.6117337639857424
NHLxxI666,0.5036291653089964
NHLxxI667,0.6001434598750194
NHLxxI668,0.7119894920506114
NHLxxI669,0.7186582949247134
NHLxxI670,0.6127148854763771
NHLxxI671,0.8257877736637008
NHLxxI672,0.5963386384572009
NHLxxI673,0.7119476499085297
NHLxxI674,0.6597492125271299
NHLxxI675,0.9252099237938293
NHLxxI676,0.3644807422841944
NHLxxI677,0.3439653673877715
NHLxxI678,0.628975180636399
NHLxxI679,0.779308978378058
NHLxxI680,0.5818831458383434
NHLxxI681,0.38430999209612554
NHLxxI682,0.42010405476396107
NHLxxI683,0.8865826887715909
NHLxxI684,0.7245268342157106
NHLxxI685,0.6408515829211204
NHLxxI686,0.7937106597642316
NHLxxI687,0.7977477143661857
NHLxxI688,0.840237953224861
NHLxxI689,0.8730500453645968
NHLxxI690,0.7975718577007224
NHLxxI691,0.5902562892837152
NHLxxI692,0.34706808395556255
NHLxxI693,0.6162816111626876
NHLxxI694,0.6361920917056174
NHLxxI695,0.6785156206796903
NHLxxI696,0.5222927123652359
NHLxxI697,0.528920489357555
NHLxxI698,0.7838683898300299
NHLxxI699,0.6614223326306209
NHLxxI700,0.5975248465490509
NHLxxI701,0.7794794540713728
NHLxxI702,0.600758963000529
NHLxxI703,0.5924687073125844
NHLxxI704,0.7301997140699391
NHLxxI705,0.4055449966375127
NHLxxI706,0.5196825718405975
NHLxxI707,0.6040150157533033
NHLxxI708,0.49752432004693925
NHLxxI709,0.780207912207048
NHLxxI710,0.413428540835107
NHLxxI711,0.79687334323299
NHLxxI712,0.7439187834564865
NHLxxI713,0.8044002626250032
NHLxxI714,0.6120248777352005
NHLxxI715,0.1849082034531383
NHLxxI716,0.8200372295961603
NHLxxI717,0.8461791135272587
NHLxxI718,0.23840638031130723
NHLxxI719,0.6047461536545768
NHLxxI720,0.7425306889400124
NHLxxI721,0.8111145405487348
NHLxxI722,0.4797700265980205
NHLxxI723,0.4202107839703088
NHLxxI724,0.8371987583423961
NHLxxI725,0.536802696697801
NHLxxI726,0.6739247693140444
NHLxxI727,0.7717449965247553
NHLxxI728,0.5319946772859395
NHLxxI729,0.5666964341241908
NHLxxI730,0.52306976793176
NHLxxI731,0.6807894602367379
NHLxxI732,0.43177862530927225
NHLxxI733,0.8145406860849568
NHLxxI734,0.2553098449344312
NHLxxI735,0.5941700370897766
NHLxxI736,0.6129514227905917
NHLxxI737,0.7037877034511253
NHLxxI738,0.5149731330365542
NHLxxI739,0.6540209357773942
NHLxxI740,0.5246241947536564
NHLxxI741,0.4178705138429192
NHLxxI742,0.3891824055151968
NHLxxI743,0.8530719117527692
NHLxxI744,0.5775535181052991
NHLxxI745,0.7592651993253491
NHLxxI746,0.6989455849488065
NHLxxI747,0.5694129703765213
NHLxxI748,0.8223960345431485
NHLxxI749,0.7742382039071576
NHLxxI750,0.25719766212959966
NHLxxI751,0.7216468991898811
NHLxxI752,0.6163948888407584
NHLxxI753,0.689285239797019
NHLxxI754,0.6594425327424794
NHLxxI755,0.5368700155067523
NHLxxI756,0.7299566365489506
NHLxxI757,0.8135673079445281
NHLxxI758,0.7554386254477375
NHLxxI759,0.6340281698135246
NHLxxI760,0.6803416794954038
NHLxxI761,0.6308795566547207
NHLxxI762,0.5790843650992136
NHLxxI763,0.8185256781115173
NHLxxI764,0.7784805077093377
NHLxxI765,0.8452147022921246
NHLxxI766,0.8922604272616573
NHLxxI767,0.972646009849416
NHLxxI768,0.5964568411108635
NHLxxI769,0.5813119096484523
IFIBD1,0.5624653154184195
IFIBD2,0.5865932086843344
IFIBD3,0.16088077652930088
IFIBD4,0.30973187961570575
IFIBD5,0.801970970479732
IFIBD6,0.3392484865185501
IFIBD7,0.6594390355887201
IFIBD8,0.7005374670317734
IFIBD9,0.9174484496370763
IFIBD10,0.6095661179710515
IFIBD11,0.7890680563440985
IFIBD12,0.8885330960047084
IFIBD13,0.9306342391957467
IFIBD14,0.674790616454626
IFIBD15,0.7255382685413347
IFIBD16,0.3017815104285268
IFIBD17,0.8018549959781114
IFIBD18,0.6595509808865796
IFIBD19,0.7218872277914339
IFIBD20,0.5862826423100229
IFIBD21,0.5939205369954093
IFIBD22,0.5706156245166135
IFIBD23,0.5703129238156153
IFIBD24,0.6063771298052246
IFIBD25,0.596782124899369
IFIBD26,0.8224863999358446
IFIBD27,0.521839889787784
IFIBD28,0.5271368951643253
IFIBD29,0.6664087989507472
IFIBD30,0.5340683081179514
IFIBD31,0.5703647806212006
IFIBD32,0.6079892667560567
IFIBD33,0.09281366576094568
IFIBD34,0.6269220821373025
IFIBD35,0.8657024986351277
IFIBD36,0.705961149544857
IFIBD37,0.8784750385918454
IFIBD38,0.77240148270634
IFIBD39,0.7018866264296125
IFIBD40,0.7858198423857791
IFIBD41,0.562278730855688
IFIBD42,0.06287967108362458
IFIBD43,0.8322085237396267
IFIBD44,0.6247300876401499
IFIBD45,0.7058310127104181
IFIBD46,0.7669435589996165
IFIBD47,0.3372868173425162
IFIBD48,0.7067445950459903
IFIBD49,0.7061803890330586
IFIBD50,0.7337663196287181
IFIBD51,0.695398124259188
IFIBD52,0.6879439219312197
IFIBD53,0.17426790206917864
IFIBD54,0.7848519910719094
IFIBD55,0.6583177149755233
IFIBD56,0.9684347080942828
IFIBD57,0.3987923552968814
IFIBD58,0.6603353257731581
IFIBD59,0.8609069633990025
IFIBD60,0.2490841066381532
IFIBD61,0.6776931110061751
IFIBD62,0.6262153816742978
IFIBD63,0.5047514743233574
IFIBD64,0.633718674621408
IFIBD65,0.626405962285066
IFIBD66,0.8337468764709108
IFIBD67,0.7478098516897803
IFIBD68,0.7729566646894861
IFIBD69,0.6441063372137344
IFIBD70,0.7053710171344504
IFIBD71,0.3923767462264037
IFIBD72,0.8179032207865373
IFIBD73,0.2778684459061444
IFIBD74,0.08441965002549445
IFIBD75,0.6588667603386352
IFIBD76,0.5152076504687663
IFIBD77,0.13334053459530104
IFIBD78,0.8692615155715602
IFIBD79,0.31397099779458565
IFIBD81,0.3317790838342432
IFIBD82,0.788401313878361
IFIBD83,0.5658814000320852
IFIBD84,0.8469399644803751
IFIBD85,0.2276423439940221
IFIBD86,0.46999707044358435
IFIBD87,0.3806749415056056
IFIBD88,0.5943994870018721
IFIBD89,0.7677176525828949
IFIBD90,0.12601792391030817
IFIBD91,0.7825832118494772
IFIBD92,0.7311027496477592
IFIBD93,0.4965257490749266
IFIBD94,0.6083746512495087
IFIBD95,0.8214642232720718
IFIBD96,0.3849249633019292
IFIBD97,0.6303782144892769
IFIBD98,0.7992978759495889
IFIBD99,0.038308592815288256
IFIBD100,0.35213476888207534
IFIBD101,0.5696787309078415
IFIBD102,0.5874255929015818
IFIBD103,0.2070748837964131
IFIBD104,0.38804173493423916
IFIBD105,0.6359979222495737
IFIBD106,0.6039433695102036
IFIBD107,0.35976464497444915
IFIBD108,0.20016220465503348
IFIBD110,0.8378575722612569
IFIBD111,0.7363563129144384
IFIBD112,0.7977695945157671
IFIBD113,0.5011189393504769
IFIBD114,0.36469153060294746
IFIBD115,0.3675090731642034
IFIBD116,0.4746933231979534
IFIBD117,0.49517670381879336
IFIBD118,0.6456333698099012
IFIBD119,0.577309038882175
IFIBD120,0.6199432251723858
IFIBD121,0.6854369334760766
IFIBD122,0.3985856249673419
IFIBD123,0.7678872039943938
IFIBD124,0.6003479709579758
IFIBD125,0.6105846048335388
IFIBD126,0.5464244627580436
IFIBD127,0.7047300073163338
IFIBD128,0.6555338006011637
IFIBD129,0.635006713415338
IFIBD130,0.5984192012860072
IFIBD131,0.6355100549548339
IFIBD132,0.1492973163827791
IFIBD133,0.8670942035059956
IFIBD134,0.7493820843406734
IFIBD135,0.7693794479953667
IFIBD136,0.2448800554912698
IFIBD137,0.6790319964933776
IFIBD138,0.4946551985059248
IFIBD139,0.5980495150345784
IFIBD140,0.877741764226181
IFIBD141,0.4388756487656148
IFIBD142,0.5456823482224786
IFIBD143,0.7921129253164536
IFIBD144,0.2823095232596076
IFIBD145,0.29548721524365207
IFIBD146,0.672206188738645
IFIBD147,0.34898778037733186
IFIBD148,0.78851630091057
IFIBD149,0.042020657744464264
IFIBD150,0.9152402612280858
IFIBD151,0.7821293311328896
IFIBD152,0.7202775633870531
IFIBD153,0.6791834463809427
IFIBD154,0.24423381191390622
IFIBD155,0.7127876835406335
IFIBD156,0.6489506019292077
IFIBD157,0.6858638231905008
IFIBD158,0.6668552005041442
IFIBD159,0.7592925667144788
IFIBD160,0.23238432338358544
IFIBD161,0.30441861745890314
IFIBD162,0.9717192032538157
IFIBD163,0.8935428325452713
IFIBD164,0.835588727273309
IFIBD165,0.3835887353924125
IFIBD166,0.105654093362186
IFIBD167,0.9591675815460484
IFIBD168,0.23995797497508972
IFIBD169,0.5638528332193888
IFIBD170,0.6536196944440313
IFIBD171,0.6033340718213529
IFIBD172,0.4678724859192286
IFIBD173,0.7337996259885821
IFIBD174,0.6644030189961591
IFIBD175,0.9593435520274592
IFIBD176,0.33475954974201544
IFIBD177,0.5479448731756512
IFIBD178,0.7625879336341477
IFIBD179,0.8150071317769116
IFIBD180,0.7141998480786829
IFIBD181,0.7719526255922884
IFIBD182,0.6731569520998728
IFIBD183,0.9859353683382108
IFIBD184,0.5790638513586333
IFIBD185,0.9039204557618251
IFIBD186,0.3771565608702438
IFIBD187,0.8795707341221041
IFIBD188,0.457997294821753
IFIBD189,0.7337150366218023
IFIBD190,0.7036499123275499
IFIBD191,0.7158567313447329
IFIBD192,0.684327196890022
IFIBD193,0.7044181998068406
IFIBD194,0.7201251812390171
IFIBD195,0.2010164713851279
IFIBD196,0.5966160299279691
IFIBD197,0.6319609242154651
IFIBD198,0.4553768057695112
IFIBD199,0.8465231761638881
IFIBD200,0.10468589255902393
IFIBD201,0.8002887286774831
IFIBD202,0.6812572115097466
IFIBD203,0.7692666127946768
IFIBD204,0.9635954903409494
IFIBD205,0.9111161235022663
IFIBD206,0.3371600534320766
IFIBD207,0.7711586275493307
IFIBD208,0.9807335858599717
IFIBD209,0.7705443081746023
IFIBD210,0.5262933155362518
IFIBD211,0.7146652197753725
IFIBD212,0.7010138631992759
IFIBD213,0.2789983963504517
IFIBD214,0.36825637988876153
IFIBD215,0.28332634327139206
IFIBD216,0.700673006255086
IFIBD217,0.6441989837750884
IFIBD218,0.02074556445479535
IFIBD219,0.48839187825419267
IFIBD220,0.7978631155131525
LIBD1,0.4780155668416658
LIBD2,0.7283424266119661
LIBD3,0.8530400182467915
LIBD4,0.7374656315447965
LIBD5,0.7412198453074922
LIBD6,0.857941926435912
LIBD7,0.7739740146934639
LIBD8,0.8469398123322018
LIBD9,0.8174412667407424
LIBD10,0.790138476741314
LIBD11,0.863073051560273
LIBD12,0.8379012237351662
LIBD13,0.7784005666302933
LIBD14,0.5981169773675714
LIBD15,0.8112492479317213
LIBD16,0.8879464429839291
LIBD17,0.8557670265294902
LIBD18,0.86108225013961
LIBD19,0.8820792484418205
LIBD20,0.8436955591885582
LIBD21,0.7621192629957245
LIBD22,0.9333420185244987
LIBD23,0.8780395058852996
LIBD24,0.9118020854944551
LIBD25,0.7759464931226445
LIBD26,0.8070435680135066
LIBD27,0.8966349426916933
LIBD28,0.8399455119574414
LIBD29,0.8943908906425172
LIBD30,0.7679471145206188
LIBD31,0.9469662246376295
LIBD32,0.9177668097696202
LIBD33,0.8735479528398952
LIBD34,0.904816246344581
LIBD35,0.859322707747358
LIBD36,0.8750609643832697
LIBD37,0.9880000070512553
LIBD38,0.9832498726921672
LIBD39,0.9864266744220048
LIBD40,0.9886862385329406
LIBD41,0.9338229134269164
LIBD42,0.9079272757649006
LIBD43,0.9901622557154238
LIBD44,0.8425078682959307
LIBD45,0.9040563257372184
LIBD46,0.8422982597316692
LIBD47,0.7980109887433356
LIBD48,0.8862669609208792
LIBD49,0.7810721238915602
LIBD50,0.8973926346417388
LIBD51,0.7570551632947838
LIBD52,0.7620220219815231
LIBD53,0.6456192523609872
LIBD54,0.5551081962666398
LIBD55,0.9877272679687555
LIBD56,0.9752402661675112
LIBD57,0.7552612796761259
LIBD58,0.6753551554803287
LIBD59,0.8680037140067678
LIBD60,0.7821355102161018
LIBD61,0.8598973491848458
LIBD62,0.8281610643647882
LIBD63,0.9846064302870896
LIBD64,0.7837950344092218
LIBD65,0.5591567991312494
LIBD66,0.25438226296376243
LIBD67,0.4206412815480752
LIBD68,0.25327317203106087
LIBD69,0.7156986594983479
LIBD70,0.4853113783088212
LIBD71,0.43986012435402966
LIBD72,0.4625309982348058
LIBD73,0.514244427834347
LIBD74,0.7913972422136599
LIBD75,0.6090179131774065
LIBD76,0.8085611049392694
LIBD77,0.7510691477195393
LIBD78,0.668646841015784
LIBD79,0.8645587955195663
LIBD80,0.9543771284984883
LIBD81,0.9101507862834861
LIBD82,0.7191985299414076
LIBD83,0.2757181356298705
LIBD84,0.9712120836863544
LIBD85,0.9487943460130318
LIBD86,0.7854109212608671
LIBD87,0.7049327351425648
LIBD88,0.8322388395193087
LIBD89,0.719408088827461
LIBD90,0.7784038374458997
LIBD91,0.7472286507998712
LIBD92,0.7497928685717599
LIBD93,0.7769855172944529
LIBD94,0.7899540737497333
LIBD95,0.8425767050377888
LIBD96,0.5983271535592571
LIBD97,0.6880125610435938
LIBD98,0.8979612728957993
LIBD99,0.6978463998079627
LIBD100,0.7922632317378978
LIBD101,0.8449398088925286
LIBD102,0.7671054432825491
LIBD103,0.7733507606143513
LIBD104,0.7724367183812302
LIBD105,0.7561862571957267
LIBD106,0.7893623117568103
LIBD107,0.433472017300295
LIBD108,0.6886288355835156
LIBD109,0.6451525388371945
LIBD110,0.27101697429454347
LIBD111,0.5436402728505088
LIBD112,0.42872742870164365
LIBD113,0.8735211547865904
LIBD114,0.8978142614236327
LIBD115,0.5739998644346088
LIBD116,0.7624603288682505
LIBD117,0.7017526761266886
LIBD118,0.7597889856504076
LIBD119,0.5172432035444735
LIBD120,0.8043753630914073
LIBD121,0.2514560751001553
LIBD122,0.3772664903210663
LIBD123,0.6418280357840451
LIBD124,0.6593223084660504
LIBD125,0.5666797182949811
LIBD126,0.5811401866915233
LIBD127,0.790278281371422
LIBD128,0.7734357614064598
LIBD129,0.7514972087038089
LIBD130,0.848458811751146
LIBD131,0.43756991147900604
LIBD132,0.8914421274197938
LIBD133,0.8906753438458891
LIBD134,0.9456734582304028
LIBD135,0.6039165923866383
LIBD136,0.5438567917434637
LIBD137,0.719092490069412
LIBD138,0.8832009710012626
LIBD139,0.7154372185668525
LIBD140,0.8812051143935912
LIBD141,0.9456453732908657
LIBD142,0.9447727810526365
LIBD143,0.9746390406797782
LIBD144,0.9720364627718691
LIBD145,0.7063299437699905
LIBD146,0.7394572448918693
LIBD147,0.7328353421219699
LIBD148,0.6939661845455991
LIBD149,0.7437390211750199
LIBD150,0.8827426170542122
LIBD151,0.7429411506155502
LIBD152,0.8947938254267295
LIBD153,0.79794471536374
LIBD154,0.9412597806436717
LIBD155,0.911105871764517
LIBD156,0.7940421114993711
LIBD157,0.7783067453024378
LIBD158,0.8380315337433278
LIBD159,0.7349325177961842
LIBD160,0.8671170986132416
LIBD161,0.7948287774171807
LIBD162,0.842346294931979
LIBD163,0.8242421426074681
LIBD164,0.7450485949014736
LIBD165,0.8108682080174635
LIBD166,0.991148845010458
LIBD167,0.976199041815869
LIBD168,0.9760675215948384
LIBD169,0.9851654140816615
LIBD170,0.86131591699304
LIBD171,0.667111505746461
LIBD172,0.6553856329902991
LIBD173,0.9347135440927524
LIBD174,0.7240921393498781
LIBD175,0.6031923426938094
LIBD177,0.7917388982858584
LIBD178,0.6268327039025516
LIBD179,0.94263448386394
LIBD180,0.20765691950333034
LIBD181,0.9023155356968919
LIBD182,0.7921256958755483
LIBD183,0.8596431854162049
LIBD184,0.7786414162864337
LIBD185,0.610227815942077
LIBD186,0.27620388887826175
LIBD187,0.7533349461190451
LIBD188,0.735219857356387
LIBD189,0.5981396020601905
LIBD190,0.8579116563458393
LIBD191,0.8149426876253032
LIBD192,0.791662557749252
LIBD193,0.6969845177546812
LIBD194,0.781065897513925
LIBD195,0.8981308603259265
LIBD196,0.8167695611615995
LIBD197,0.9237307270584296
LIBD198,0.8804035042638801
LIBD200,0.6827021199035866
LIBD201,0.948181079299539
LIBD202,0.9562921355860141
LIBD204,0.8938389071973404
LIBD205,0.8661886763494147
LIBD206,0.6713825533288333
LIBD207,0.7338459809653871
LIBD208,0.8505394252542215
LIBD209,0.8035242344697987
LIBD210,0.8313455264364344
LIBD211,0.5112638370195838
LIBD212,0.4868122438393167
LIBD213,0.8143683470330365
LIBD214,0.3911631098875648
LIBD215,0.5859476924916465
LIBD216,0.39149561802699995
LIBD217,0.942349352384767
LIBD218,0.43238739602192866
LIBD219,0.5743184335628138
LIBD220,0.933847219724292
LIBD221,0.936922131014096
LIBD222,0.8122883642704052
LIBD223,0.8214025517290382
LIBD224,0.6801373743774052
LIBD225,0.8491623265452861
LIBD226,0.8784810366182431
LIBD227,0.8020387216539292
LIBD228,0.8970929906235955
LIBD229,0.8986493328672447
LIBD230,0.781089653487994
LIBD231,0.7949317562419794
LIBD232,0.6210413680083795
LIBD233,0.6367776582760852
LIBD234,0.7069282399232437
LIBD235,0.938045477120729
LIBD236,0.9409205497932871
LIBD237,0.637419177108657
LIBD238,0.3271844660401329
LIBD239,0.9801882899223803
LIBD240,0.1502680888823999
LIBD241,0.8327783779277091
LIBD242,0.9632085964619855
LIBD243,0.9176984548478968
LIBD244,0.8563346152788127
LIBD245,0.9096900541978764
LIBD246,0.9377806192085804
LIBD247,0.8255950225664275
LIBD248,0.294672754331642
LIBD249,0.09972612740599246
LIBD250,0.38178893572472955
LIBD251,0.5926931147278869
LIBD252,0.8131458763160144
LIBD253,0.857240951851248
LIBD255,0.6957529321604271
LIBD259,0.25795023901272257
LIBD260,0.31947898495181476
LIBD261,0.04483977824933586
LIBD262,0.10957623014038494
HMPI1,0.9031556396472371
HMPI2,0.937645009115325
HMPI3,0.9104495835884565
HMPI4,0.9295923971220096
HMPI5,0.9190939721488521
HMPI6,0.9365653891681655
HMPI7,0.9277732726528521
HMPI8,0.8847852347879713
HMPI9,0.938473792212589
HMPI10,0.9241449454970294
HMPI11,0.9230929101901986
HMPI12,0.9278755746499192
HMPI13,0.7551166916154712
HMPI14,0.9136459775562994
HMPI15,0.8925997340442221
HMPI16,0.923244179571127
HMPI17,0.9334815455878621
HMPI18,0.8905550448188478
HMPI19,0.9061389783296113
HMPI20,0.9288510944006191
HMPI21,0.8682966124005825
HMPI22,0.8025645874564663
HMPI23,0.9390362374761066
HMPI24,0.939203308661617
HMPI25,0.9425682921903324
HMPI26,0.8724300856767532
HMPI27,0.7785518652118033
HMPI28,0.8585107923832308
HMPI29,0.8323846487011441
HMPI30,0.915424128810433
HMPI31,0.63919374168925
HMPI32,0.8596289180702373
HMPI33,0.8385577210049749
HMPI34,0.760634542121082
HMPI35,0.7054706471830254
HMPI36,0.3616751781946757
HMPI37,0.3575783161817536
HMPI38,0.38201383760221874
HMPI39,0.5360045793306819
HMPI40,0.841777336818481
HMPI41,0.900520816061816
HMPI42,0.9210781528000774
HMPI43,0.9284937260169364
HMPI44,0.9689139460456204
HMPI45,0.9499787707022678
HMPI46,0.8744355077275673
HMPI47,0.78574812859248
HMPI48,0.8796385947367809
HMPI49,0.8475612735519872
HMPI50,0.9328807430272118
HMPI51,0.9070329375784935
HMPI52,0.8642368352509838
HMPI53,0.8908987424132377
HMPI54,0.8079641671872793
HMPI55,0.8382106608694055
HMPI56,0.9482849376697539
HMPI57,0.905234546147358
HMPI58,0.9932193792247778
HMPI59,0.9927185504436854
HMPI60,0.9709707067348273
HMPI61,0.9019252047126661
HMPI62,0.8806687974286131
HMPI63,0.989535459043298
HMPI64,0.9486472273800459
HMPI65,0.9109514790587991
HMPI66,0.9531375207753853
HMPI67,0.9035954500751303
HMPI68,0.9342119954722402
HMPI69,0.8781308797122542
HMPI70,0.9257660752763609
HMPI71,0.9301664357968429
HMPI72,0.9383974625405467
HMPI73,0.9180541371518262
HMPI74,0.918431473147965
HMPI75,0.8403676685516307
HMPI76,0.9750178729457362
HMPI77,0.9409992693507482
HMPI78,0.8948732733174323
HMPI79,0.8825144898316558
HMPI80,0.9199781623885326
HMPI81,0.516953819600757
HMPI82,0.9627296876649402
HMPI83,0.966270428065843
HMPI84,0.5391687848756954
HMPI85,0.36637878375522626
HMPI86,0.3711290438360201
HMPI87,0.6053748077419557
HMPI88,0.9776766555894597
HMPI89,0.6945962328476071
HMPI90,0.6773926277895604
HMPI91,0.9430459328874474
HMPI92,0.932961155369983
HMPI93,0.9507689074386698
HMPI94,0.7078842569538345
HMPI95,0.5616524573563216
HMPI96,0.6262265283896064
HMPI97,0.940430718634243
HMPI98,0.8431978011063086
HMPI99,0.7493482067835894
HMPI100,0.6158872805213177
HMPI101,0.7780705638180585
HMPI102,0.7484702508743639
HMPI103,0.7080787944066087
HMPI104,0.71277603893173
HMPI105,0.6547953372147921
HMPI106,0.8244446395112763
HMPI107,0.7087276399762726
HMPI108,0.6883848482173288
HMPI109,0.7647659715460118
HMPI110,0.7838911997411002
HMPI111,0.7828275145805126
HMPI112,0.7805572080329424
HMPI113,0.8170626932059188
HMPI114,0.8976571547517488
HMPI115,0.9313243299359466
HMPI116,0.505276555982477
HMPI117,0.8158764222614191
HMPI118,0.8876625172136369
HMPI119,0.9345034758206787
HMPI120,0.9385291015851878
HMPI121,0.9782673667516728
HMPI122,0.958583640602724
HMPI123,0.9395294239899279
HMPI124,0.7065821302182239
HMPI125,0.9742200357189515
HMPI126,0.9929417405050794
HMPI127,0.9869158151460817
HMPI128,0.981373458251574
HMPI129,0.9697896823259853
HMPI130,0.9808852740904824
HMPI131,0.9928295307929272
HMPI132,0.9366238398344234
HMPI133,0.9372167019417101
HMPI134,0.6121042390361916
HMPI135,0.5727037597182735
HMPI136,0.7011687465995993
HMPI137,0.847779320193232
HMPI138,0.8054756267701465
HMPI139,0.7841628158513162
HMPI140,0.8411167357649686
HMPI141,0.8017533952463334
HMPI142,0.803361895629748
HMPI143,0.8560329080682437
HMPI144,0.8363034821311919
HMPI145,0.8823907527118593
HMPI146,0.9130152344135388
HMPI147,0.8587822671714634
HMPI148,0.6798172024810925
HMPI149,0.9268971590581124
HMPI150,0.9313155665759124
HMPI151,0.6756042415025616
HMPI152,0.9182555568834381
HMPI153,0.9909913508759333
HMPI154,0.8820344866401999
HMPI155,0.9821478506358817
HMPI156,0.9795755932134173
HMPI157,0.945513838844217
HMPI158,0.7320294981752975
HMPI159,0.9582754318846244
HMPI160,0.9603098814164174
HMPI161,0.8521868161330673
HMPI162,0.8766865029376822
HMPI163,0.9880357991977868
HMPI164,0.9898489611871221
HMPI165,0.795331448433659
HMPI166,0.9043783137381739
HMPI167,0.7767536912058883
HMPI168,0.9432357191016842
HMPI169,0.8057956748925179
HMPI170,0.8041860358303494
HMPI171,0.9648421833500037
HMPI172,0.7797672795874661
HMPI173,0.7463386688390701
HMPI174,0.7643364604251092
HMPI175,0.9297456035971391
HMPI176,0.903090731668725
HMPI177,0.9815111026058276
HMPI178,0.9386927183202392
HMPI179,0.7870878991472571
HMPI180,0.9350977103016418
HMPI181,0.858257792169832
HMPI182,0.7768492995015924
HMPI183,0.9370337397985902
HMPI184,0.9716628071728088
HMPI185,0.988076391077181
HMPI186,0.9415488484667709
HMPI187,0.6555222853802134
HMPI188,0.39976539342678635
HMPI189,0.9299225520411779
HMPI190,0.9754535035029978
HMPI191,0.993388346415944
HMPI192,0.9030865510754235
HMPI193,0.757112495385278
HMPI194,0.8376211387896677
HMPI195,0.936834249842818
HMPI196,0.9359636384957537
HMPI197,0.8218788275412859
HMPI198,0.9420115114742782
HMPI199,0.9397162353594409
HMPI200,0.9069020024292701
HMPI201,0.07341766268717638
HMPI202,0.1555776808665772
HMPI203,0.24691337375580444
HMPI204,0.4547645036753079
HMPI205,0.4005223531674191
HMPI206,0.8139411033231059
HMPI207,0.7584948925408824
HMPI208,0.602864924976069
HMPI209,0.7663026105032442
HMPI210,0.3408962330752202
HMPI211,0.5577674920367053
HMPI212,0.5957158567873871
HMPI213,0.9234532111697411
HMPI214,0.9770263534506759
HMPI215,0.8839905402716477
HMPI216,0.921486638834348
HMPI217,0.9444506062791724
HMPI218,0.8487171745031878
HMPI219,0.5634586509784553
HMPI220,0.6676332279948749
HMPI221,0.8021973332997673
HMPI222,0.6660398849442661
HMPI223,0.6838515360349197
HMPI224,0.5458738287278322
HMPI225,0.9045642115570705
HMPI226,0.9085348337384249
HMPI227,0.9373771759482721
HMPI228,0.9155242662801826
HMPI229,0.9932311027495069
HMPI230,0.992183802433084
HMPI231,0.9891525102427932
HMPI232,0.9909072323787675
HMPI233,0.9086706263075761
HMPI234,0.9005031719856594
HMPI235,0.9124320604268572
HMPI236,0.9287347131270294
HMPI237,0.2740031569272835
HMPI238,0.8806774986208386
HMPI239,0.8338654419887174
HMPI240,0.9878720004462663
HMPI241,0.41547302231498473
HMPI242,0.8313677107261923
HMPI243,0.9921390380927045
HMPI244,0.578155395197623
HMPI245,0.6667860684535651
HMPI246,0.9928814418892333
HMPI247,0.6390042744665427
HMPI248,0.8074788958517803
HMPI249,0.8908330481327232
HMPI250,0.6103877051245001
HMPI251,0.8480986802077212
HMPI252,0.8582929051719995
HMPI253,0.8955268940002622
HMPI254,0.5510632654959753
HMPI255,0.9416944954713208
HMPI256,0.932839692863683
HMPI257,0.9617529432988778
HMPI258,0.7449653362250171
HMPI259,0.9253188921423925
HMPI260,0.9594475418988558
HMPI261,0.9072463027779833
HMPI262,0.8905543171530865
HMPI263,0.9776566861223654
HMPI264,0.9808006055268088
HMPI265,0.9819230203053734
HMPI266,0.9516084230442126
HMPI267,0.9591819684671979
HMPI268,0.9388057073299527
HMPI269,0.9347449174839517
HMPI270,0.7492804804799618
HMPI271,0.8891364562068105
HMPI272,0.8512718730036432
HMPI273,0.9761622991572425
HMPI274,0.0193221327751049
HMPI275,0.7555467900071184
HMPI276,0.9984577461757275
HMPI277,0.6346975637356655
HMPI278,0.9346171749339526
HMPI279,0.9355405385063955
HMPI280,0.6721961600889473
HMPI281,0.7908494933941226
HMPI282,0.8758134423313461
HMPI283,0.9182601953887212
HMPI284,0.6341436804356152
HMPI285,0.8556156142023067
HMPI286,0.744584608709415
HMPI287,0.7989378148563631
HMPI288,0.9042377294005153
HMPI289,0.9705066073254109
HMPI290,0.981246533030996
HMPI291,0.9254463989362928
HMPI292,0.8099282603886564
HMPI293,0.7359209477571664
HMPI294,0.8848642524483669
HMPI295,0.9867646998792763
HMPI296,0.9390764122996363
HMPI297,0.8765645666472586
HMPI298,0.5274946065952714
HMPI299,0.5455556092123681
HMPI300,0.8240068610355521
HMP2I1,0.8618356204057077
HMP2I2,0.907053077613035
HMP2I3,0.8600979766065283
HMP2I4,0.06958744003902419
HMP2I5,0.6920354929031122
HMP2I6,0.8759107781185596
HMP2I7,0.9324995692439676
HMP2I8,0.14871002766648914
HMP2I9,0.8518998538044587
HMP2I10,0.9357788322492504
HMP2I11,0.550397066978703
HMP2I12,0.928388937532362
HMP2I13,0.8306856104444744
HMP2I14,0.8564562141310665
HMP2I15,0.8693174194707496
HMP2I16,0.7036323671269983
HMP2I17,0.930399863656922
HMP2I18,0.9935408588134034
HMP2I19,0.9207380520805682
HMP2I20,0.9897646351804351
HMP2I21,0.9406530210206157
HMP2I22,0.9337624394337873
HMP2I23,0.811339083033209
HMP2I24,0.9423616273949313
HMP2I25,0.8719955584670784
HMP2I26,0.9339530405921497
HMP2I27,0.9127733933401337
HMP2I28,0.987699163991147
HMP2I29,0.7617132806737937
HMP2I30,0.8412311280402993
HMP2I31,0.9104941816302853
HMP2I32,0.8740538947380198
HMP2I33,0.8062405613555247
HMP2I34,0.6402728678059845
HMP2I35,0.37186003768352394
HMP2I36,0.8236712847486137
HMP2I37,0.9369361656642731
HMP2I38,0.5950685031142897
HMP2I39,0.9139540246806639
HMP2I40,0.8859946365195568
HMP2I41,0.855029300885675
HMP2I42,0.9919684332575588
HMP2I43,0.9735521330756558
HMP2I44,0.677841977523511
HMP2I45,0.8385542933211846
HMP2I46,0.9731524014798473
HMP2I47,0.7678669829882822
HMP2I48,0.8326239398087041
HMP2I49,0.9913497095070261
HMP2I50,0.5137211464440279
HMP2I51,0.918990054170275
HMP2I52,0.9290902047576497
HMP2I53,0.8958414071224361
HMP2I54,0.7402480849431872
HMP2I55,0.08099491850123902
HMP2I56,0.9230815810484564
HMP2I57,0.9207344507735093
HMP2I58,0.9288811676749751
HMP2I59,0.9331777686113756
HMP2I60,0.587684848590036
HMP2I61,0.6467832183286034
HMP2I62,0.18498326078441304
HMP2I63,0.7744812811178119
HMP2I64,0.845723664139285
HMP2I65,0.7936801265984513
HMP2I66,0.9367980036993263
HMP2I67,0.9273291841420661
HMP2I68,0.750521806990863
HMP2I69,0.6451054836069622
HMP2I70,0.9498975338984532
HMP2I71,0.9895780094670172
HMP2I72,0.8959845032097887
HMP2I73,0.9131599289301682
HMP2I74,0.840000507782839
HMP2I75,0.892190392570063
HMP2I76,0.8657898915825428
HMP2I77,0.9354489435441551
HMP2I78,0.13310155056155834
HMP2I79,0.9001225768347668
HMP2I80,0.7842380952937889
HMP2I81,0.5628726867812379
HMP2I82,0.9371642499199663
HMP2I83,0.9530672816197351
HMP2I84,0.8684119815768487
HMP2I85,0.8232688156994009
HMP2I86,0.9389035212309522
HMP2I87,0.884670328046815
HMP2I88,0.8937163794047664
HMP2I89,0.692291373553658
HMP2I90,0.9372862958741527
HMP2I91,0.5229908557903059
HMP2I92,0.5410035788317783
HMP2I93,0.9907258643868629
HMP2I94,0.7593749078788018
HMP2I95,0.8244972956062678
HMP2I96,0.4183408544139215
HMP2I97,0.8478468892403376
HMP2I98,0.9061743822527245
HMP2I99,0.6913133143117912
HMP2I100,0.3760051914735791
HMP2I101,0.8537123110981613
HMP2I102,0.9371943488288301
HMP2I103,0.8495435189218477
HMP2I104,0.8121333854163119
HMP2I105,0.9126455501478397
HMP2I106,0.9381222269077241
HMP2I107,0.5797639245805941
HMP2I108,0.9693829853061908
HMP2I109,0.5714273765823688
HMP2I110,0.9121742600485464
HMP2I111,0.849210900032399
HMP2I112,0.9076660515735294
HMP2I113,0.7899574255475735
HMP2I114,0.8193137381175385
HMP2I115,0.7557213049662995
HMP2I117,0.8811104643515565
HMP2I118,0.9238919050138287
HMP2I119,0.80182565443474
HMP2I120,0.86123523680471
HMP2I121,0.6409457958595088
HMP2I122,0.7900699801553467
HMP2I123,0.9409750635166815
HMP2I124,0.8765340790302217
HMP2I125,0.9883391800581436
HMP2I126,0.7613770488045633
HMP2I127,0.9909135188765861
HMP2I128,0.12316974676146247
HMP2I129,0.893838091251564
HMP2I130,0.9401556000475447
HMP2I131,0.9927892326878238
HMP2I132,0.836559082917941
HMP2I133,0.937175865053511
HMP2I134,0.8375716741272667
HMP2I135,0.987650355650834
HMP2I136,0.9016267011575991
HMP2I137,0.9282154148452254
HMP2I138,0.6873275315992231
HMP2I139,0.669936446482832
HMP2I140,0.7455148073485417
HMP2I141,0.8826064528185115
HMP2I142,0.9106118501811431
HMP2I143,0.8705830838915436
HMP2I144,0.6583619752574997
HMP2I145,0.8405056120580775
HMP2I146,0.9923407673248157
HMP2I147,0.8995216784704279
HMP2I148,0.650613503267619
HMP2I149,0.874881174072083
HMP2I150,0.8820163337600729
HMP2I151,0.11172308252294208
HMP2I152,0.40164059408018715
HMP2I153,0.5860600048971811
HMP2I154,0.10015672388862819
HMP2I155,0.8021689331025896
HMP2I156,0.9939253365540306
HMP2I157,0.4513197486449498
HMP2I158,0.6047288610429596
HMP2I159,0.5595846384894365
HMP2I160,0.8376822090982848
HMP2I161,0.9425873723177954
HMP2I162,0.7007464352073157
HMP2I163,0.3912312370362165
HMP2I164,0.9015228782223245
HMP2I165,0.8489601794532278
HMP2I166,0.9488106233027144
HMP2I167,0.9376199218937199
HMP2I168,0.9408713500046688
HMP2I169,0.7212212844735584
HMP2I170,0.9868903601709184
HMP2I171,0.6292587378309025
HMP2I172,0.46011950084529935
HMP2I173,0.9920634518185072
HMP2I174,0.9919477223023316
HMP2I175,0.8773810430779838
HMP2I176,0.9378059984506637
HMP2I177,0.7082709077188569
HMP2I178,0.9186499517328335
HMP2I179,0.8666579531481023
HMP2I180,0.22849090184276935
HMP2I181,0.9185615436384815
HMP2I182,0.9047118286335921
HMP2I183,0.7924957204695945
HMP2I184,0.7932326391686157
HMP2I185,0.8967910029172506
HMP2I186,0.5462387609818434
HMP2I187,0.9407149950990299
HMP2I188,0.8944739829211527
HMP2I189,0.9038870857542842
HMP2I190,0.8032633029627954
HMP2I191,0.9384827775503154
HMP2I192,0.9319143912407115
HMP2I193,0.9218607687118523
HMP2I194,0.6437817068255777
HMP2I195,0.9053934573668024
HMP2I196,0.44856083530867313
HMP2I197,0.8570618223166508
HMP2I198,0.989015607620102
HMP2I199,0.9104156814106233
HMP2I200,0.7877573881962366
HMP2I201,0.46846737503318586
HMP2I202,0.9218173049709624
HMP2I203,0.9268991905962326
HMP2I204,0.8894393796827292
HMP2I205,0.9377662814465242
HMP2I206,0.8448128886884839
HMP2I207,0.9935617036291186
HMP2I208,0.8829393144908906
HMP2I209,0.9318384114876708
HMP2I210,0.8815560050215643
HMP2I211,0.43401354516880813
HMP2I212,0.609882821693667
HMP2I213,0.9420562261045378
HMP2I214,0.6704356878557545
HMP2I215,0.032576545773447714
HMP2I216,0.9551335314631385
HMP2I217,0.8547349253205961
HMP2I218,0.8709966848026148
HMP2I219,0.8791677575707172
HMP2I220,0.9591014624683091
HMP2I221,0.43813039069532106
HMP2I222,0.6853446015909401
HMP2I223,0.7929089777882339
HMP2I224,0.759076809350064
HMP2I225,0.6730692730768575
HMP2I226,0.7462761607562407
HMP2I227,0.8768980778257546
HMP2I228,0.5785351645565799
HMP2I229,0.902381839560214
HMP2I230,0.7884228871326171
HMP2I231,0.6522771802844352
HMP2I232,0.5581487647793376
HMP2I234,0.9286646843448444
HMP2I235,0.6520128804136158
HMP2I236,0.93878372638017
HMP2I237,0.9341599817130155
HMP2I238,0.5908243759006149
HMP2I239,0.9022297751673448
HMP2I240,0.4625814635766563
HMP2I241,0.8821907591607597
HMP2I242,0.831727288020086
HMP2I243,0.9823526954263826
HMP2I244,0.5485034214789655
HMP2I245,0.9350863774985695
HMP2I246,0.9465127804564413
HMP2I247,0.6351093805430792
HMP2I248,0.5505341989838981
HMP2I249,0.9889878933059739
HMP2I250,0.9556387557248053
HMP2I251,0.9413559677241631
HMP2I252,0.7525332103986039
HMP2I253,0.9140401238017718
HMP2I254,0.8396346776248504
HMP2I255,0.9280763444565086
HMP2I256,0.914097059629672
HMP2I257,0.8467146614381617
HMP2I258,0.9289557578616284
HMP2I259,0.8680079638031598
HMP2I260,0.8008800632391747
HMP2I261,0.8701174343452326
HMP2I262,0.8856445503299847
HMP2I263,0.7013043228948868
HMP2I264,0.9344423250659497
HMP2I265,0.914792924502833
HMP2I266,0.9392101077972875
HMP2I267,0.9408711075934086
HMP2I268,0.9424680303713446
HMP2I269,0.9383078011688248
HMP2I270,0.936707900213286
HMP2I271,0.7739278096280027
HMP2I272,0.9090067198772369
HMP2I273,0.7156063837158706
HMP2I274,0.8926242640111327
HMP2I275,0.9115701889816732
HMP2I276,0.5704559650574897
HMP2I277,0.5009777959037711
HMP2I278,0.8668613864283763
HMP2I279,0.713904282833685
HMP2I280,0.9493851707080178
HMP2I281,0.6760739962632211
HMP2I282,0.620534295584722
HMP2I283,0.9289485679948148
HMP2I284,0.7974795505315393
HMP2I285,0.7145740382810174
HMP2I286,0.348912314484368
HMP2I287,0.6779322344500422
HMP2I288,0.9665052866896454
HMP2I289,0.9405639990109975
HMP2I290,0.9360129560382454
HMP2I291,0.8670185301553918
HMP2I292,0.8638677208274284
HMP2I293,0.99355974597904
HMP2I294,0.8669930885086725
HMP2I295,0.9102257352905432
HMP2I296,0.7380890224720147
HMP2I297,0.8901919902392347
HMP2I298,0.360745751936764
HMP2I299,0.9432724820285417
HMP2I300,0.8513251116074395
HMP2I301,0.9421005531692814
HMP2I302,0.914343980391632
HMP2I303,0.7661332237251716
HMP2I304,0.07604125855082969
HMP2I305,0.8967162400427889
HMP2I306,0.7811407498832645
HMP2I307,0.9360671933668605
HMP2I308,0.07044999906887613
HMP2I309,0.9934282957036565
HMP2I310,0.7701194019869824
HMP2I311,0.8385703201892606
HMP2I312,0.9276222629015798
HMP2I313,0.8999797360275784
HMP2I314,0.86459389507373
HMP2I315,0.9830343495777393
HMP2I316,0.6933694008453009
HMP2I317,0.9131656266674214
HMP2I318,0.9143823942627654
HMP2I319,0.6204398553455195
HMP2I320,0.9843072678886101
HMP2I321,0.8757548071085269
HMP2I322,0.0297042370090533
HMP2I323,0.8564785978169314
HMP2I324,0.5317896711006985
HMP2I325,0.7050503443860285
HMP2I326,0.9074524093408041
HMP2I327,0.9155837099851185
HMP2I328,0.6318004573945979
HMP2I329,0.9320773884197346
HMP2I330,0.8444681694153855
HMP2I331,0.9189378329228692
HMP2I332,0.9739780259558698
HMP2I333,0.9385831757773029
HMP2I334,0.9334961462729527
HMP2I335,0.7985671859752151
HMP2I336,0.6340672246655359
HMP2I337,0.9936703531087888
HMP2I338,0.7569349137642294
HMP2I339,0.49264463231985794
HMP2I340,0.9366678337261731
HMP2I341,0.7690780934951312
HMP2I342,0.9323838315417093
HMP2I343,0.8510673140999568
HMP2I344,0.9035100562504427
HMP2I345,0.9766665513639071
HMP2I346,0.7636449221039199
HMP2I347,0.9266857106654067
HMP2I348,0.47872869112771776
HMP2I349,0.8813410648691914
HMP2I350,0.9377981205764868
HMP2I351,0.6051074390878571
HMP2I352,0.6811448261862083
HMP2I353,0.8994552691044639
HMP2I354,0.849485307757995
HMP2I355,0.7813114272536006
HMP2I356,0.2957127533803323
HMP2I357,0.7833851013894243
HMP2I358,0.7573468631767646
HMP2I359,0.768803628574983
HMP2I360,0.07424912162075921
HMP2I361,0.6610676456683072
HMP2I362,0.3672123840579344
HMP2I363,0.4512449225680594
HMP2I364,0.9222187156823598
HMP2I365,0.6613436236426571
HMP2I366,0.9592686452061313
HMP2I367,0.8519011075698473
HMP2I368,0.8658925555294084
HMP2I369,0.9008968391275536
HMP2I370,0.9401313342368663
HMP2I371,0.9939028016755689
HMP2I372,0.9398212928411794
HMP2I373,0.7285114740429279
HMP2I374,0.9417411674902785
HMP2I375,0.910364510507808
HMP2I376,0.916622615660504
HMP2I377,0.9290935621300197
HMP2I378,0.6225267202027847
HMP2I379,0.4241657808332966
HMP2I380,0.9415015473714893
HMP2I381,0.8893081128808265
HMP2I382,0.5562845273728593
HMP2I383,0.9521628870840464
HMP2I384,0.3967591309445708
HMP2I385,0.6298396864692488
HMP2I386,0.9347944501217181
HMP2I387,0.8170112202285578
HMP2I388,0.9221081323839103
HMP2I389,0.8786077109869427
HMP2I390,0.6097229734161322
HMP2I391,0.9396020429638552
HMP2I392,0.5385732482755035
HMP2I393,0.9382149124850853
HMP2I394,0.7481677725230025
HMP2I395,0.6819177353465844
HMP2I396,0.09053185027281486
HMP2I397,0.641817685064943
HMP2I398,0.8512827341354436
HMP2I399,0.0865606754568331
HMP2I400,0.7086769697502644
HMP2I401,0.9413235527589227
HMP2I402,0.6596918335386438
HMP2I403,0.6595579062129125
HMP2I404,0.7353173801546788
HMP2I405,0.9910560733131649
HMP2I406,0.8751971526162658
HMP2I407,0.8543075835641409
HMP2I408,0.8082399658054507
HMP2I409,0.911546199921765
HMP2I410,0.8848126380180946
HMP2I411,0.9343300887129192
HMP2I412,0.9451441248447697
HMP2I413,0.9321315095198818
HMP2I414,0.9764547418480738
HMP2I415,0.8834807370503007
HMP2I416,0.9183673197526524
HMP2I417,0.9341368532509305
HMP2I418,0.92708653848804
HMP2I419,0.9100342817604661
HMP2I420,0.8722482923145317
HMP2I421,0.4002144667417715
HMP2I422,0.853318290929405
HMP2I423,0.8848393232510431
HMP2I424,0.660303061946025
HMP2I425,0.9934697513540834
HMP2I426,0.8545489283806994
HMP2I427,0.6761495744596991
HMP2I428,0.8675491754096415
HMP2I429,0.4502531688697106
HMP2I430,0.9366031661232678
HMP2I431,0.8197836470834434
HMP2I432,0.9806598961449949
HMP2I433,0.9315390402882477
HMP2I434,0.9080368758634108
HMP2I435,0.6437398391032438
HMP2I436,0.936267544240476
HMP2I437,0.7626408524660084
HMP2I438,0.8841784588895333
HMP2I439,0.9010459047244741
HMP2I440,0.7482104231527256
HMP2I441,0.9706587453092367
HMP2I442,0.9389531423219776
HMP2I443,0.9266706018938924
HMP2I444,0.8682453823256865
HMP2I445,0.9050294613186671
HMP2I446,0.17720946069350205
HMP2I448,0.9407870404755398
HMP2I449,0.6056845047121644
HMP2I450,0.957362535784077
HMP2I451,0.6718891782722825
HMP2I452,0.9411551510002661
HMP2I453,0.9309169798607966
HMP2I454,0.9271804144755612
HMP2I455,0.9374374323500796
HMP2I456,0.8525233678255817
HMP2I457,0.977985685733953
HMP2I458,0.646884764284525
HMP2I459,0.8034846228406145
HMP2I460,0.9261631159621737
HMP2I461,0.9920412051537643
HMP2I462,0.8214919026609138
HMP2I463,0.9391098011775512
HMP2I464,0.9894636129718498
HMP2I465,0.9342086627920665
HMP2I466,0.8803049008877751
HMP2I467,0.14293438449140167
HMP2I468,0.30750585367596744
HMP2I469,0.7603261707340807
HMP2I470,0.5900085734320453
HMP2I471,0.5933114503479543
HMP2I472,0.9356271881105068
HMP2I473,0.6721500897440223
HMP2I474,0.9554308120109621
HMP2I475,0.8275608250339359
HMP2I476,0.9398578505993981
HMP2I477,0.8893335073102272
HMP2I478,0.8392999183617604
HMP2I479,0.9336445857126433
HMP2I480,0.851842485049675
HMP2I481,0.8054652290202767
HMP2I482,0.10109851252340263
HMP2I483,0.6544167530027617
HMP2I484,0.9315874988715029
HMP2I485,0.8289580268211304
HMP2I486,0.7078610014739997
HMP2I487,0.8072631256208969
HMP2I488,0.9091573230335869
HMP2I489,0.9902960205285448
HMP2I490,0.5701083118740701
HMP2I491,0.7694988869384048
HMP2I492,0.9184335951185428
HMP2I493,0.4948123067889628
HMP2I494,0.6383125857250064
HMP2I495,0.8947537168054543
HMP2I496,0.986327247815626
HMP2I497,0.9242482144246598
HMP2I498,0.99322341936827
HMP2I499,0.3366156220128884
HMP2I500,0.8297609670974468
HMP2I501,0.9812803721958174
HMP2I502,0.6990153754300947
HMP2I503,0.9199894288222975
HMP2I504,0.9099858017686254
HMP2I505,0.5143103266596374
HMP2I506,0.9388441291620725
HMP2I507,0.9205705814970252
HMP2I508,0.9261241128155401
HMP2I509,0.8838072158652294
HMP2I510,0.9747557653574593
HMP2I511,0.99369383122238
HMP2I512,0.5398173253307844
HMP2I513,0.4280871406274883
HMP2I514,0.8465041299663347
HMP2I515,0.9302553738190893
HMP2I516,0.9125330033410204
HMP2I517,0.9432968608726415
HMP2I518,0.9398201604990573
HMP2I519,0.9922545583595502
HMP2I520,0.8501291258905149
HMP2I521,0.7322523774635612
HMP2I522,0.9409840380584731
HMP2I523,0.9813975971521588
HMP2I524,0.912150739326825
HMP2I525,0.44789626250171133
HMP2I526,0.7361775091855454
HMP2I527,0.8335266030876105
HMP2I528,0.9708430459282854
HMP2I529,0.9091536101417079
HMP2I530,0.6094132448471111
HMP2I531,0.9628334600737855
HMP2I532,0.5715832098716314
HMP2I533,0.6831825143353797
HMP2I534,0.864108192230795
HMP2I535,0.8441443399479461
HMP2I536,0.9919410881065625
HMP2I537,0.8651480181457554
HMP2I538,0.9288907414203449
HMP2I539,0.9219604933405182
HMP2I540,0.35372156987336245
HMP2I541,0.8813174619952674
HMP2I542,0.11639193511266675
HMP2I543,0.9167591457161488
HMP2I544,0.9046274421577525
HMP2I545,0.8379809458063909
HMP2I546,0.6059114674469284
HMP2I547,0.9147076032551082
HMP2I548,0.8144604986887416
HMP2I549,0.9282186188947926
HMP2I550,0.3175787308666075
HMP2I551,0.8818599427675096
HMP2I552,0.9398001154586213
HMP2I553,0.9392245301025102
HMP2I554,0.948510154669296
HMP2I555,0.5404873916154213
HMP2I556,0.9014819476346664
HMP2I557,0.8304027416039049
HMP2I558,0.2640866737718115
HMP2I559,0.7602264354055688
HMP2I560,0.8966818070933499
HMP2I561,0.9104834234752992
HMP2I562,0.6482437259469791
HMP2I563,0.9177351767518866
HMP2I564,0.7879283868613767
HMP2I565,0.7828901099258735
HMP2I566,0.7876556629794446
HMP2I567,0.8313580585534488
HMP2I568,0.9366225378761305
HMP2I569,0.9552546915984819
HMP2I570,0.4074876066548128
HMP2I571,0.12128745817001704
HMP2I572,0.7947140011864561
HMP2I573,0.8439280833334167
HMP2I574,0.7698668290146531
HMP2I575,0.9161298347122125
HMP2I576,0.5967783436941982
HMP2I577,0.7648514495948894
HMP2I578,0.8725684389324837
HMP2I579,0.9411292969645346
HMP2I580,0.1717052360795308
HMP2I581,0.9745168570528088
HMP2I582,0.9449668886986093
HMP2I583,0.7573675605671404
HMP2I584,0.9624025455102995
HMP2I585,0.974698471174589
HMP2I586,0.5241525185666546
HMP2I587,0.9294889058191699
HMP2I588,0.6723763850216475
HMP2I589,0.9785561190542785
HMP2I590,0.9875851980825217
HMP2I591,0.925379704921326
HMP2I592,0.7120244356514626
HMP2I593,0.95547524277887
HMP2I594,0.9334411656533649
HMP2I595,0.8326730727508757
HMP2I596,0.23656809041825563
HMP2I597,0.8964755914726442
HMP2I598,0.8549978965422718
HMP2I599,0.9514964696599192
HMP2I600,0.8990399612793892
HMP2I601,0.8400757530747053
HMP2I602,0.7198918710460002
HMP2I603,0.8526071370216789
HMP2I604,0.6754613334643874
HMP2I605,0.6847931805862366
HMP2I606,0.7627368213487642
HMP2I607,0.6662782093858304
HMP2I608,0.766837306599612
HMP2I609,0.9379745307681674
HMP2I610,0.9346710507251343
HMP2I611,0.8947488389730964
HMP2I612,0.7169132989186001
HMP2I613,0.4678563562342605
HMP2I614,0.8185855735665692
HMP2I615,0.40972217978490005
HMP2I616,0.7425985673649493
HMP2I617,0.8841545994180905
HMP2I618,0.7990254692577738
HMP2I619,0.43010364883447616
HMP2I620,0.9472510372673034
HMP2I621,0.9198593949669468
HMP2I623,0.9932562088888093
HMP2I624,0.7868617939436148
HMP2I625,0.8579892961866245
HMP2I626,0.967014020395066
HMP2I627,0.8130988546663582
HMP2I628,0.830309705024728
HMP2I629,0.4453873178799362
HMP2I630,0.8156562481735583
HMP2I631,0.556129625942682
HMP2I632,0.9675299938475819
HMP2I633,0.8976000257040196
HMP2I634,0.8780123497231239
HMP2I635,0.22308697925980556
HMP2I636,0.9206685771133135
HMP2I637,0.9038548977360722
HMP2I638,0.9208400871560896
HMP2I639,0.9892270522663773
HMP2I640,0.8886417746832828
HMP2I641,0.9458862284817586
HMP2I642,0.9334499152058766
HMP2I643,0.9417769661054012
HMP2I644,0.6365144733239999
HMP2I645,0.7462553906921657
HMP2I646,0.7263908118744731
HMP2I647,0.9321805796563364
HMP2I648,0.9400361647818019
HMP2I649,0.5634913612787186
HMP2I650,0.8955437714732789
HMP2I651,0.9925168459254309
HMP2I652,0.9927500201909428
HMP2I653,0.8866588183908768
HMP2I654,0.9305101412613263
HMP2I655,0.5783875779623436
HMP2I656,0.28568959461466564
HMP2I657,0.9854499245679336
HMP2I658,0.9289355936444178
HMP2I659,0.9933518462332636
HMP2I660,0.9309265942599199
HMP2I661,0.9008478880835149
HMP2I662,0.9355817804030824
HMP2I663,0.9308711200621693
HMP2I664,0.9246245749973727
HMP2I665,0.9320458641839364
HMP2I666,0.529456732979115
HMP2I667,0.4623988590351972
HMP2I668,0.6979554720601264
HMP2I669,0.9311889764527228
HMP2I670,0.9776782064102253
HMP2I671,0.8787632437962646
HMP2I672,0.9374882223328727
HMP2I673,0.8900337687631218
HMP2I674,0.8001659022526781
HMP2I675,0.9197586210142591
HMP2I676,0.7755533262748321
HMP2I677,0.9274888370058902
HMP2I678,0.9090284849954964
HMP2I679,0.7397402028986839
HMP2I680,0.4282366985322098
HMP2I681,0.6134010883765999
HMP2I682,0.921144504232514
HMP2I683,0.8630081033734495
HMP2I684,0.8939371202998336
HMP2I685,0.8963172299109287
HMP2I686,0.9377217768870468
HMP2I687,0.9293607869749501
HMP2I688,0.8592689316882905
HMP2I689,0.9460886014863659
HMP2I690,0.9235776506510353
HMP2I691,0.6766186476919006
HMP2I692,0.9315878869723262
HMP2I693,0.9130712347536702
HMP2I694,0.9922900775136794
HMP2I695,0.9944497172519838
HMP2I696,0.8096814199771823
HMP2I697,0.4668390886681581
HMP2I698,0.9635965149526673
HMP2I699,0.8594895717795843
HMP2I700,0.42906797342940334
HMP2I701,0.8492715368980592
HMP2I702,0.7492550343364743
HMP2I703,0.963968420830217
HMP2I704,0.6101901349450768
HMP2I705,0.9248390986859455
HMP2I706,0.9928401063815492
HMP2I707,0.8557099546301965
HMP2I708,0.8755837296888649
HMP2I709,0.8208245548835266
HMP2I710,0.831586451335421
HMP2I711,0.9743215413103132
HMP2I712,0.5667118480059927
HMP2I713,0.8445152936544251
HMP2I714,0.9332481199174275
HMP2I715,0.21090693698923868
HMP2I716,0.8878413994065553
HMP2I717,0.8311700049357976
HMP2I718,0.9533505188542377
HMP2I719,0.9066007573065955
HMP2I720,0.9397682255372102
HMP2I721,0.8474617236917498
HMP2I722,0.9918093149860163
HMP2I723,0.5762809932279395
HMP2I724,0.9100734922702814
HMP2I725,0.7455437183771652
HMP2I726,0.9044978257547892
HMP2I727,0.8759941849787397
HMP2I728,0.8885457100022921
HMP2I729,0.8573727103543866
HMP2I730,0.9569707582291705
HMP2I732,0.9145104860627462
HMP2I733,0.8562034178019237
HMP2I734,0.8944662574222795
HMP2I735,0.9333050872929827
HMP2I736,0.9358393753418707
HMP2I737,0.830347475331159
HMP2I738,0.47329465851932545
HMP2I739,0.9915257728045821
HMP2I740,0.9057418461956829
HMP2I741,0.9471050293898929
HMP2I742,0.8518934786996817
HMP2I743,0.942362668082432
HMP2I744,0.939494897867171
HMP2I745,0.934745211796775
HMP2I746,0.8143239398135117
HMP2I747,0.9372217162367436
HMP2I748,0.97006874178021
HMP2I749,0.8905573658557028
HMP2I750,0.7148738889417313
HMP2I751,0.9143207274666961
HMP2I752,0.9335910233211774
HMP2I753,0.8388839615879436
HMP2I754,0.8150682778389468
HMP2I755,0.8870208063420438
HMP2I756,0.8420587851816661
HMP2I757,0.5904268144748627
HMP2I758,0.4656161318162319
HMP2I759,0.360259870069907
HMP2I760,0.5304005786723657
HMP2I761,0.87698159058005
HMP2I762,0.845533628729904
HMP2I763,0.9815781410406025
HMP2I764,0.7719024031266543
HMP2I765,0.9329444901188864
HMP2I766,0.8244805211722009
HMP2I767,0.9408893463581498
HMP2I768,0.9419836745940018
HMP2I769,0.8915746319507198
HMP2I770,0.9498478605750844
HMP2I771,0.8838289615273329
HMP2I772,0.8756460189580886
HMP2I773,0.9917682458310803
HMP2I774,0.9325184708441564
HMP2I775,0.9377210323911167
HMP2I776,0.8719632979933832
HMP2I777,0.1740529067908234
HMP2I778,0.9217885536253512
HMP2I779,0.6622159859428868
HMP2I780,0.9321054610880761
HMP2I781,0.8815993610610358
HMP2I782,0.9733005200255798
HMP2I783,0.7834344528522657
HMP2I784,0.6975986451522086
HMP2I785,0.9166730297864062
HMP2I786,0.4924147144472354
HMP2I787,0.8062541910426981
HMP2I788,0.9919968057501924
HMP2I789,0.1007036290630473
HMP2I790,0.6015300653216233
HMP2I791,0.9240540372873672
HMP2I792,0.9748825276937766
HMP2I793,0.8306043855557099
HMP2I794,0.5496392719587073
HMP2I795,0.9364109798256341
HMP2I796,0.9369867931360842
HMP2I797,0.426935176335979
HMP2I798,0.7965195558134303
HMP2I799,0.8460279529968248
HMP2I800,0.7581682997886301
HMP2I801,0.9415775505559646
HMP2I802,0.8533309828035345
HMP2I803,0.7388011067126804
HMP2I804,0.9785532836066261
HMP2I805,0.9207328615939162
HMP2I806,0.9267834891760044
HMP2I807,0.19609295864022147
HMP2I808,0.7842927302147013
HMP2I809,0.7860069472364728
HMP2I810,0.9415582064260204
HMP2I811,0.6235313321756546
HMP2I812,0.7755710024456756
HMP2I813,0.8798096735171705
HMP2I814,0.9499152120768769
HMP2I815,0.9503463908523752
HMP2I816,0.7773170247395992
HMP2I817,0.8274116525163516
HMP2I818,0.8981382744718409
HMP2I819,0.8818452974541227
HMP2I820,0.9301047909627281
HMP2I821,0.7336992746322892
HMP2I822,0.8775363625189473
HMP2I823,0.5315433772167137
HMP2I824,0.9426374447963879
HMP2I825,0.9902951261529045
HMP2I826,0.9062731612963952
HMP2I827,0.9177159326030464
HMP2I828,0.9875666675145071
HMP2I829,0.1404127277276847
HMP2I830,0.8844667131494396
HMP2I831,0.8416868464886242
HMP2I832,0.9358317220964423
HMP2I833,0.930929096905907
HMP2I834,0.9385742963058576
HMP2I835,0.8173204712870145
HMP2I836,0.6192734502258627
HMP2I837,0.926525168204053
HMP2I838,0.9726925781402525
HMP2I839,0.9200832544072892
HMP2I840,0.5584830065192286
HMP2I841,0.9014820628002489
HMP2I842,0.7347298209331422
HMP2I843,0.9381712335405523
HMP2I844,0.5695631019551184
HMP2I845,0.9263971069727187
HMP2I846,0.7210056297300913
HMP2I847,0.7070343210199752
HMP2I848,0.8384921018232736
HMP2I849,0.8215726878206754
HMP2I850,0.6209015552099051
HMP2I851,0.8615577891567179
HMP2I852,0.7886032578620418
HMP2I853,0.9857359972802746
HMP2I854,0.48336769938140384
HMP2I855,0.4523468685700846
HMP2I856,0.8249128013694477
HMP2I857,0.9934520255280591
HMP2I858,0.8884645095035657
HMP2I859,0.8448204666129071
HMP2I860,0.47393810677191817
HMP2I861,0.9912441562140243
HMP2I862,0.6734361925898457
HMP2I863,0.9471710568350448
HMP2I864,0.5100020276918776
HMP2I865,0.5517443982300366
HMP2I866,0.269832959961009
HMP2I867,0.5191404425928137
HMP2I868,0.9546758562187063
HMP2I869,0.9460912607418543
HMP2I870,0.8297572598272935
HMP2I871,0.9196816970570653
HMP2I872,0.8941283593531549
HMP2I873,0.8643933107585734
HMP2I874,0.7499187908965348
HMP2I875,0.568486393697689
HMP2I876,0.8978519326346329
HMP2I878,0.4027215288860609
HMP2I879,0.966960057294041
HMP2I880,0.9176934846178416
HMP2I881,0.7594199745442338
HMP2I882,0.9339015045081588
HMP2I883,0.25496957725284825
HMP2I884,0.872624137530034
HMP2I885,0.786172861296511
HMP2I886,0.9900166152556882
HMP2I887,0.4156242089600127
HMP2I888,0.746099412601729
HMP2I889,0.8284325152596114
HMP2I890,0.993130063183962
HMP2I891,0.8297201568656422
HMP2I892,0.6594296608840221
HMP2I893,0.8876354902040414
HMP2I894,0.938277636407502
HMP2I895,0.9106569509074443
HMP2I896,0.8898119966206661
HMP2I897,0.5916841279089893
HMP2I898,0.7518387458915786
HMP2I899,0.5652297806896724
HMP2I900,0.8588587008373169
HMP2I901,0.524567279472007
HMP2I902,0.2868996194481809
HMP2I903,0.959433582290552
HMP2I904,0.8885778377309522
HMP2I905,0.8076391431663169
HMP2I906,0.8985005081154808
HMP2I907,0.8509960590063391
HMP2I908,0.8236258722605942
HMP2I909,0.9329787709328902
HMP2I910,0.9222458393657801
HMP2I911,0.9181988815993354
HMP2I912,0.7190677688950541
HMP2I913,0.9040534237218886
HMP2I914,0.9183752096837788
HMP2I915,0.6782733183879868
HMP2I916,0.7215608053774559
HMP2I917,0.8140536078913192
HMP2I918,0.9577755764469065
HMP2I919,0.29586849006634597
HMP2I920,0.4586118287761813
HMP2I921,0.8815482994336699
HMP2I922,0.7239341620648831
HMP2I923,0.9506288671752678
HMP2I924,0.9008801345276459
HMP2I925,0.8594854042529859
HMP2I926,0.7895556391688798
HMP2I927,0.9390064858453422
HMP2I928,0.9246136390873311
HMP2I929,0.3491127503017105
HMP2I930,0.9211097299720354
HMP2I931,0.9872712844111818
HMP2I932,0.965624303182355
HMP2I933,0.9082089674724251
HMP2I934,0.3775436392445962
HMP2I935,0.931459062430609
HMP2I936,0.9197340112834925
HMP2I937,0.8875921426460531
HMP2I938,0.9218046463175643
HMP2I939,0.9287303298013628
HMP2I940,0.11029156306716323
HMP2I941,0.7263733998660921
HMP2I942,0.6724044035777101
HMP2I943,0.8442757034589865
HMP2I944,0.2940159283714056
HMP2I945,0.9104584114867275
HMP2I946,0.8633381166379978
HMP2I947,0.7004562602918788
HMP2I948,0.9400213252391107
HMP2I949,0.679484416323689
HMP2I950,0.013418127741313166
HMP2I951,0.9391386575614337
HMP2I952,0.35809320272095935
HMP2I953,0.9835857574881383
HMP2I954,0.6929513079296314
HMP2I955,0.23449126409847224
HMP2I956,0.9901301846231153
HMP2I957,0.9435452094387785
HMP2I958,0.6019576768980178
HMP2I959,0.9709653725908749
HMP2I960,0.8321969782966913
HMP2I961,0.9472708840863617
HMP2I962,0.8741979982009733
HMP2I963,0.7061968597633596
HMP2I964,0.574885434173741
HMP2I965,0.8118090116974137
HMP2I966,0.86196672520957
HMP2I967,0.6480248709838562
HMP2I968,0.9871378622498024
HMP2I969,0.7504293063045799
HMP2I970,0.19115768135135128
HMP2I971,0.5147211431776578
HMP2I972,0.8087290257782196
HMP2I973,0.6831005102970025
HMP2I974,0.6438752713533274
HMP2I975,0.7284401978538886
HMP2I976,0.6808628014548315
HMP2I977,0.9061183455801239
HMP2I978,0.9519256811849738
HMP2I979,0.4398763190297986
HMP2I980,0.9048123555168301
HMP2I981,0.6942305077443964
HMP2I982,0.935606677606207
HMP2I983,0.7567892218119394
HMP2I984,0.46546733261668205
HMP2I985,0.6113069040473917
HMP2I987,0.6622569851489694
HMP2I988,0.6089668383885849
HMP2I989,0.9267628466630259
HMP2I990,0.938625138494114
HMP2I991,0.9810291569657018
HMP2I992,0.9288389084850464
HMP2I993,0.9271391234798158
HMP2I994,0.9425901142016817
HMP2I995,0.9331015351443196
HMP2I996,0.9357199589731364
HMP2I997,0.8743037173821001
HMP2I998,0.9360447761754078
HMP2I999,0.9367775791170012
HMP2I1000,0.9387203219692154
HMP2I1001,0.7901906923481179
HMP2I1002,0.886827055015333
HMP2I1003,0.8900587115838654
HMP2I1004,0.7403128489978658
HMP2I1005,0.7843524784437241
HMP2I1006,0.9181444343308738
HMP2I1007,0.9339574300159859
HMP2I1008,0.8446726986425327
HMP2I1009,0.9836427652967247
HMP2I1010,0.9338685820314794
HMP2I1011,0.9273519284761925
HMP2I1012,0.9135004793339195
HMP2I1013,0.45345652882450355
HMP2I1014,0.7761770271420072
HMP2I1015,0.6173441554441095
HMP2I1016,0.8669044405104253
HMP2I1017,0.6313022464959206
HMP2I1018,0.9332709794042359
HMP2I1019,0.923731210504183
HMP2I1020,0.7205592325930275
HMP2I1021,0.7929041636375369
HMP2I1022,0.9912165515171506
HMP2I1023,0.8789364104519821
HMP2I1024,0.8851286593772695
HMP2I1025,0.9065674562558774
HMP2I1026,0.8169376283042049
HMP2I1027,0.9469930050803612
HMP2I1028,0.9072122800805656
HMP2I1029,0.888078834851621
HMP2I1030,0.7918150886601686
HMP2I1031,0.920066442723874
HMP2I1032,0.841005062268795
HMP2I1033,0.7239447754360968
HMP2I1034,0.9261012642390469
HMP2I1035,0.7634595906365136
HMP2I1036,0.8804466492920568
HMP2I1037,0.917121827818201
HMP2I1038,0.9198503263987428
HMP2I1039,0.937035828788415
HMP2I1040,0.93798620195413
HMP2I1041,0.9138723058061234
HMP2I1044,0.800165735447614
HMP2I1045,0.7453601100589388
HMP2I1046,0.9296362909311039
HMP2I1047,0.9914047355918479
HMP2I1048,0.9307401844946955
HMP2I1049,0.9384216351528368
HMP2I1050,0.3734332991778534
HMP2I1051,0.8333514706149155
HMP2I1052,0.9248278838266409
HMP2I1053,0.9424083505923054
HMP2I1054,0.8459900102844582
HMP2I1055,0.9869682662726877
HMP2I1056,0.6902079409742581
HMP2I1057,0.545703131406572
HMP2I1058,0.8314060786323654
HMP2I1059,0.9190805450748862
HMP2I1060,0.987029156283724
HMP2I1061,0.7945195240254237
HMP2I1062,0.790812809921339
HMP2I1063,0.783601166736175
HMP2I1064,0.8692609993936359
HMP2I1065,0.8055579901434502
HMP2I1066,0.9271799655824838
HMP2I1067,0.8524500255616968
HMP2I1068,0.9350200397368893
HMP2I1069,0.7892989443216982
HMP2I1070,0.9153449989493334
HMP2I1071,0.41141905938026363
HMP2I1072,0.7259328940703439
HMP2I1073,0.7016069134535858
HMP2I1074,0.8516049666808908
HMP2I1075,0.9546186944246972
HMP2I1076,0.5517308674793123
HMP2I1077,0.9450339116109133
HMP2I1078,0.9384459538785871
HMP2I1079,0.9166219793353915
HMP2I1080,0.9404683119182794
HMP2I1081,0.9251612669376966
HMP2I1082,0.9296093100998968
HMP2I1083,0.8127161529199017
HMP2I1084,0.8705423656245614
HMP2I1085,0.8602956261185029
HMP2I1086,0.5333529839641389
HMP2I1087,0.8817316235204211
HMP2I1088,0.9233254071254243
HMP2I1089,0.8088987946584839
HMP2I1090,0.9191226287237129
HMP2I1091,0.7162670199228685
HMP2I1092,0.6596352626786162
HMP2I1093,0.8920422483965712
HMP2I1094,0.8464283130776352
HMP2I1095,0.7920086816285365
HMP2I1096,0.7429001685978712
HMP2I1097,0.9050690136827824
HMP2I1098,0.9067105900388165
HMP2I1099,0.9116064118307229
HMP2I1100,0.9039521720197421
HMP2I1101,0.3942888320400524
HMP2I1102,0.9303571180894803
HMP2I1103,0.24798283175222455
HMP2I1104,0.8835606669936442
HMP2I1105,0.6844209074215555
HMP2I1106,0.510911144417104
HMP2I1107,0.9194425746690125
HMP2I1108,0.9587581620556364
HMP2I1109,0.928278037383421
HMP2I1110,0.946401048111709
HMP2I1111,0.9280897559682397
HMP2I1112,0.8401884684278252
HMP2I1113,0.9647143451973447
HMP2I1114,0.9333509307283778
HMP2I1115,0.6332630723492968
HMP2I1116,0.8185884830789525
HMP2I1117,0.8860457538410407
HMP2I1118,0.7411686591459257
HMP2I1119,0.23348165011038152
HMP2I1120,0.9405661001651474
HMP2I1121,0.9293604217755743
HMP2I1122,0.9445743919785118
HMP2I1123,0.9293105895463123
HMP2I1124,0.37259186750579587
HMP2I1125,0.8937411918882828
HMP2I1126,0.43452381535657686
HMP2I1127,0.9220358631433253
HMP2I1128,0.5558670448972666
HMP2I1129,0.9333857299568861
HMP2I1130,0.7670945549350092
HMP2I1131,0.9403996278889777
HMP2I1132,0.9288471132924694
HMP2I1133,0.6452116993138738
HMP2I1134,0.538468236924393
HMP2I1135,0.6105738941286397
HMP2I1136,0.8564067678901113
HMP2I1138,0.8905937559265753
HMP2I1139,0.3076109235504002
HMP2I1140,0.9190752893042172
HMP2I1141,0.9401079247322821
HMP2I1142,0.7937658684083905
HMP2I1143,0.3997893232924422
HMP2I1144,0.19569518353341475
HMP2I1145,0.9292380618400057
HMP2I1146,0.8267560910156104
HMP2I1147,0.9324369212493239
HMP2I1148,0.9399084500384068
HMP2I1149,0.8683523319799755
HMP2I1150,0.918351451962966
HMP2I1151,0.761019900519937
HMP2I1152,0.9397453699935945
HMP2I1153,0.9023655330953908
HMP2I1154,0.8277994549497003
HMP2I1155,0.9192837043356525
HMP2I1156,0.914464169052768
HMP2I1157,0.6284635426403844
HMP2I1158,0.9392700383565683
HMP2I1159,0.9514285945566765
HMP2I1160,0.8482418470977269
HMP2I1161,0.9266369644461849
HMP2I1162,0.934667218936865
HMP2I1163,0.8906558109199705
HMP2I1164,0.32007081252461095
HMP2I1165,0.8210325810901766
HMP2I1166,0.39882884465450075
HMP2I1167,0.9501282123106178
HMP2I1168,0.7950209585873442
HMP2I1169,0.990541683612194
HMP2I1170,0.6356857742403902
HMP2I1171,0.8449745736539356
HMP2I1172,0.8146217082082617
HMP2I1173,0.89628755630737
HMP2I1174,0.9216150476772187
HMP2I1175,0.7267809508665534
HMP2I1176,0.6380300172962491
HMP2I1177,0.9182217660749933
HMP2I1178,0.9905630015407568
HMP2I1179,0.9649168372553609
HMP2I1180,0.8557764643757725
HMP2I1181,0.9340493825170738
HMP2I1182,0.9112710418745452
HMP2I1183,0.5710011615870121
HMP2I1184,0.9135118129089725
HMP2I1185,0.8504498552902888
HMP2I1186,0.8562154202665747
HMP2I1187,0.5512378490080735
HMP2I1188,0.9299938973174092
HMP2I1189,0.9126046717978245
HMP2I1190,0.7967509369341416
HMP2I1191,0.7911239959943523
HMP2I1192,0.9512696262129171
HMP2I1193,0.9346976883352022
HMP2I1194,0.8104485629407528
HMP2I1195,0.9407088185009929
HMP2I1196,0.9609694266195208
HMP2I1197,0.9271345990983374
HMP2I1198,0.82087200171737
HMP2I1199,0.9890808850488839
HMP2I1200,0.8407799613970688
HMP2I1201,0.8822696417903986
HMP2I1202,0.638440514666558
HMP2I1203,0.9942369026754163
HMP2I1204,0.4774226312527418
HMP2I1205,0.9324037847972367
HMP2I1206,0.9291551690909211
HMP2I1207,0.8842846715076996
HMP2I1208,0.5695878442351243
HMP2I1209,0.645449430503648
HMP2I1210,0.7937533508611688
HMP2I1211,0.8471140476617844
HMP2I1212,0.6503624484475852
HMP2I1213,0.5274969372071194
HMP2I1214,0.5413250720627669
HMP2I1215,0.9732846539297192
HMP2I1216,0.7320703034986492
HMP2I1217,0.38442406575505816
HMP2I1218,0.6586368480699896
HMP2I1219,0.8714065395883025
HMP2I1220,0.8445452595420622
HMP2I1221,0.887596803653067
HMP2I1222,0.939842926094579
HMP2I1223,0.87993513059292
HMP2I1224,0.9814683036386758
HMP2I1225,0.8870351099155968
HMP2I1226,0.8927501505877772
HMP2I1227,0.9925452116665502
HMP2I1228,0.5740824158146857
HMP2I1229,0.8948631954931496
HMP2I1230,0.9415016719398075
HMP2I1231,0.9366355241757227
HMP2I1232,0.7611009429306852
HMP2I1233,0.9606539990840632
HMP2I1234,0.9000039796587128
HMP2I1235,0.8788672243113206
HMP2I1236,0.7378390932210993
HMP2I1237,0.9274412392854039
HMP2I1238,0.8561564108135992
HMP2I1239,0.48227422182573265
HMP2I1240,0.9324590220878965
HMP2I1241,0.913294996994091
HMP2I1242,0.4923690339572522
HMP2I1243,0.9447736246854469
HMP2I1244,0.48085489809915516
HMP2I1245,0.5394632570754198
HMP2I1246,0.842868462916991
HMP2I1247,0.7201536866863383
HMP2I1248,0.6662921263284168
HMP2I1249,0.9082916669046396
HMP2I1250,0.8926122749865251
HMP2I1251,0.9386592893843564
HMP2I1252,0.8304226313283983
HMP2I1254,0.5170618394812446
HMP2I1255,0.7976643605182945
HMP2I1256,0.842063785819426
HMP2I1257,0.9069990282014918
HMP2I1258,0.5043719970148446
HMP2I1259,0.7662388153568165
HMP2I1260,0.7492441487285019
HMP2I1261,0.9396926837565932
HMP2I1262,0.9041427127373576
HMP2I1263,0.9360965358301283
HMP2I1264,0.6207951669387699
HMP2I1265,0.9715889815751896
HMP2I1266,0.9363913730741124
HMP2I1267,0.8131975340243563
HMP2I1268,0.6946214854888084
HMP2I1269,0.17841140225012872
HMP2I1270,0.5145599483482082
HMP2I1271,0.6426459825971761
HMP2I1272,0.9384696753463564
HMP2I1273,0.9232980461601434
HMP2I1274,0.8067850284488159
HMP2I1275,0.7771534565309973
HMP2I1276,0.7246747916861387
HMP2I1277,0.9354152536997383
HMP2I1278,0.8496825037885924
HMP2I1279,0.7665359080391543
HMP2I1280,0.9126686890985048
HMP2I1281,0.8795140690343349
HMP2I1282,0.9794872908466775
HMP2I1283,0.9291615034843909
HMP2I1284,0.9223407756298707
HMP2I1285,0.9180042492533379
HMP2I1286,0.9375355557371915
HMP2I1287,0.7122193035590021
HMP2I1288,0.9341635377350743
HMP2I1289,0.9923501594905862
HMP2I1290,0.6953968313468406
HMP2I1291,0.9292117204707053
HMP2I1292,0.9303494313541522
HMP2I1293,0.7759138135796804
HMP2I1294,0.9042727754451512
HMP2I1295,0.7254689212492327
HMP2I1296,0.8405775528675514
HMP2I1297,0.40473778141149114
HMP2I1298,0.9355467222298708
HMP2I1299,0.934310530871556
HMP2I1300,0.900717074079902
HMP2I1301,0.8836470855243544
HMP2I1302,0.9336875595507403
HMP2I1303,0.5279783556382287
HMP2I1304,0.5303621811071628
HMP2I1305,0.9338543549797121
HMP2I1306,0.8831085529869467
HMP2I1307,0.9339807740855168
HMP2I1308,0.9850187716232589
HMP2I1309,0.8958204133011115
HMP2I1310,0.9496937897394572
HMP2I1311,0.8332371806220615
HMP2I1312,0.6808603797103956
HMP2I1313,0.8650944782979524
HMP2I1314,0.6400256324395918
HMP2I1315,0.9493588037156804
HMP2I1316,0.9287271202756415
HMP2I1317,0.62796703802722
HMP2I1318,0.6046776804529764
HMP2I1319,0.9035868713238995
HMP2I1320,0.9632896499894188
HMP2I1321,0.991624425365445
HMP2I1323,0.5037461648878332
HMP2I1324,0.9617259372011748
HMP2I1325,0.5129686050132618
HMP2I1326,0.8650532650746523
HMP2I1327,0.6973545829587101
HMP2I1328,0.0718772304356172
HMP2I1329,0.5143103266596374
HMP2I1330,0.9274090782860881
HMP2I1331,0.39420108753012956
HMP2I1332,0.874971187020852
HMP2I1333,0.8120517513027803
AntixxInt1,0.3681636445059243
AntixxInt2xx4,0.47102482159140907
AntixxInt3xx1,0.3942708659928875
AntixxInt4,0.9193522291203956
AntixxInt5xx3,0.8164282526973716
AntixxInt6xx1,0.9168405225411043
AntixxInt7xx4,0.06958744003902419
AntixxInt9xx3,0.5468919882593779
AntixxInt9xx2,0.3347975489387317
AntixxInt10xx2,0.8762424122736455
AntixxInt11xx1,0.9531390790053106
AntixxInt12,0.6688964636337325
AntixxInt13,0.6131367161731076
AntixxInt14xx3,0.5545489219164723
AntixxInt15xx2,0.8761058691964991
AntixxInt16xx1,0.7441123533143261
AntixxInt17xx2,0.4086093171301111
AntixxInt18xx2,0.6377447332063055
AntixxInt18xx3,0.17365926391798636
AntixxInt19xx3,0.7822883740858263
AntixxInt20xx3,0.5134208936310781
AntixxInt21xx1,0.9527121228610519
AntixxInt19xx2,0.8246808631013418
AntixxInt22xx1,0.3040502614684979
AntixxInt20xx2,0.02571541608493355
AntixxInt19xx1,0.9000122188977651
AntixxInt20xx1,0.7950610814306275
AntixxInt23xx1,0.6482914660569423
AntixxInt20xx4,0.9330630417679916
AntixxInt24xx3,0.3866706510132798
AntixxInt25xx1,0.5538612910101317
AntixxInt26,0.7803851092137805
AntixxInt27xx3,0.7078898038456907
AntixxInt27xx2,0.8236114647134284
AntixxInt28xx2,0.8547860082155229
AntixxInt29,0.7599253747326934
AntixxInt30xx3,0.9897724893588133
AntixxInt31,0.8827554667560665
AntixxInt32,0.35823747252761645
AntixxInt33,0.8068814372296877
AntixxInt34xx2,0.6477018213570004
AntixxInt35xx3,0.40305739217564396
AntixxInt36xx3,0.6751022809783704
AntixxInt37xx2,0.7025976024139339
AntixxInt38xx2,0.8967898458078015
AntixxInt39xx2,0.42269545674370357
AntixxInt37xx1,0.6464152924641399
AntixxInt41xx4,0.8654070708846473
AntixxInt42xx1,0.6680202580878045
AntixxInt43,0.6718945007296531
AntixxInt16xx2,0.7754928302723126
AntixxInt44xx3,0.9724755787109332
AntixxInt45xx2,0.86631422403068
AntixxInt46xx2,0.5924780970039847
AntixxInt2xx1,0.6683615107291586
AntixxInt15xx1,0.9918801482365224
AntixxInt10xx1,0.4085010559664889
AntixxInt47xx4,0.9219434873427519
AntixxInt48,0.5658237550670754
AntixxInt49xx4,0.697175736100197
AntixxInt50xx1,0.6632660169911383
AntixxInt51xx3,0.8092172976217803
AntixxInt52xx1,0.6567513855646517
AntixxInt51xx1,0.8859243251505976
AntixxInt51xx2,0.8026471452472304
AntixxInt53,0.6458543534173244
AntixxInt39xx1,0.4374964038256724
AntixxInt52xx2,0.7433330388684318
AntixxInt52xx3,0.9165894874519147
AntixxInt42xx2,0.8334347909722637
AntixxInt54,0.7566624327497957
AntixxInt55xx2,0.8118148284749812
AntixxInt25xx2,0.6358669523967687
AntixxInt56xx4,0.6768355886732337
AntixxInt9xx4,0.1169241838764868
AntixxInt30xx1,0.927618402913913
AntixxInt6xx3,0.6184931687257599
AntixxInt28xx1,0.7032241726433613
AntixxInt57xx4,0.9120358634045324
AntixxInt21xx4,0.4521640753020569
AntixxInt58xx4,0.6773432126389464
AntixxInt59xx1,0.9899235589879424
AntixxInt6xx2,0.7448067550658694
AntixxInt3xx2,0.23029707084641016
AntixxInt59xx2,0.020891560181863014
AntixxInt57xx1,0.8322179915396525
AntixxInt21xx3,0.9026279236196892
AntixxInt6xx4,0.7538328259336853
AntixxInt60,0.6206601405881451
AntixxInt44xx2,0.7909431369794463
AntixxInt17xx1,0.6232565295285533
AntixxInt61xx1,0.8595354862524591
AntixxInt61xx2,0.8690574184087746
AntixxInt62xx2,0.4542277957690723
AntixxInt62xx1,0.6752240187976188
AntixxInt63xx2,0.9740228582057617
AntixxInt63xx1,0.9701507650971206
AntixxInt23xx4,0.9427856785562572
AntixxInt64,0.5052021824500045
AntixxInt38xx1,0.08245988186512904
AntixxInt65xx1,0.6364709388820703
AntixxInt66,0.7691715295618152
AntixxInt84xx2,0.7742358995774674
AntixxInt67,0.7584759999550479
AntixxInt68xx1,0.47507527619538686
AntixxInt5xx1,0.3753517283138474
AntixxInt27xx1,0.6449303971012418
AntixxInt69,0.8866812750595117
AntixxInt8xx1,0.8214497944572322
AntixxInt15xx2xx1,0.6243877266221619
AntixxInt2xx2,0.7140195303042578
AntixxInt36xx2,0.35704474626046284
AntixxInt70xx4,0.8811773139446987
AntixxInt46xx1,0.8692830183446938
AntixxInt36xx1,0.031330102900811625
AntixxInt47xx1,0.627692711275358
AntixxInt71,0.8363752708695705
AntixxInt9xx1,0.3237622594080874
AntixxInt49xx1,0.18351053564813083
AntixxInt49xx2,0.5092234507202101
AntixxInt65xx2,0.47220268324590137
AntixxInt34xx1,0.905282139233963
AntixxInt72,0.5041473220363022
AntixxInt35xx1,0.17022230882444625
AntixxInt73,0.7879508426587714
AntixxInt68xx2,0.409251414293341
AntixxInt41xx3,0.6884659147116666
AntixxInt5xx2,0.6981242599177601
AntixxInt45xx1,0.8764615679701697
AntixxInt75,0.3819360670112236
AntixxInt76,0.8717302220994363
AntixxInt56xx1,0.911232749937232
AntixxInt77,0.9825940171847851
AntixxInt57xx2,0.7910205169642499
AntixxInt78,0.737972294934263
AntixxInt11xx2,0.7199527086511328
AntixxInt63xx4,0.7616230240992657
AntixxInt14xx1,0.9502768021136647
AntixxInt41xx2,0.4665824643247658
AntixxInt41xx1,0.323574553100855
AntixxInt68xx3,0.03838077316125745
AntixxInt55xx1,0.6480421139553003
AntixxInt79,0.7495032576886249
AntixxInt14xx4,0.8806321417623987
AntixxInt70xx1,0.9566579407178584
AntixxInt47xx2,0.8243393219679902
AntixxInt24xx1,0.3419628308620423
AntixxInt24xx2,0.36066820645260655
AntixxInt14xx2,0.8136615428860254
AntixxInt27xx4,0.9022994052132789
AntixxInt84xx1,0.6009858286827406
AntixxInt62xx3,0.7766954317929616
AntixxInt2xx3,0.709511064983585
AntixxInt7xx3,0.5015394720011304
AntixxInt23xx2,0.8121991809777227
AntixxInt80,0.9389824587977306
AntixxInt61xx4,0.8187291251767499
AntixxInt30xx4,0.7819194911068802
AntixxInt35xx2,0.6608168127043615
AntixxInt81,0.7930186814397595
AntixxInt58xx2,0.4226961172599562
AntixxInt58xx1,0.45647644633857387
AntixxInt82xx2,0.9342172384547723
AntixxInt18xx1,0.6722101994180439
AntixxInt56xx2,0.8193525872900665
AntixxInt82xx1,0.5807943495602964
AntixxInt21xx2,0.442880883232006
AntixxInt83,0.33697159959885686
Lewis5035s01,0.816598734066113
Lewis5035s04,0.7796159717122113
Lewis5040s01,0.9403433103818651
Lewis5040s02,0.8020791822127477
Lewis5040s03,0.8900900567930083
Lewis5040s04,0.6528321188977366
Lewis5041s01,0.8140801449870901
Lewis5041s02,0.9357549154250601
Lewis5041s03,0.8721562488081105
Lewis5041s04,0.8923570170081051
Lewis5042s01,0.647241296851829
Lewis5042s02,0.7445213739993131
Lewis5042s03,0.5907726508551314
Lewis5042s04,0.501188951249377
Lewis5043s01,0.0806698231866927
Lewis5043s02,0.07440246236846657
Lewis5043s03,0.07785126956426892
Lewis5043s04,0.07576865620791307
Lewis5044s01,0.15851066180065848
Lewis5044s02,0.09455216101517655
Lewis5044s03,0.29906373549946186
Lewis5044s04,0.377601679859204
Lewis5045s01,0.9797997461299135
Lewis5045s02,0.9739342736666989
Lewis5045s03,0.9880789143218747
Lewis5045s04,0.9380530044826523
Lewis6007s02,0.34003377275567576
Lewis6007s03,0.2978365642901157
Lewis6007s04,0.1515255245756214
Lewis6008s01,0.846096856563055
Lewis6008s02,0.2537639519544107
Lewis6008s03,0.6343180829758539
Lewis6008s04,0.5275405563468546
Lewis6010s01,0.8727562988600628
Lewis6010s02,0.6399597702572469
Lewis6010s03,0.23472633545904703
Lewis6010s04,0.15717856872384833
Lewis6011s01,0.3566022952969204
Lewis6011s02,0.4104614890160997
Lewis6011s03,0.5642356126456239
Lewis6011s04,0.3962933814342653
Lewis6012s01,0.11189366074938435
Lewis6012s02,0.2752228875361329
Lewis6012s03,0.5549961610933977
Lewis6012s04,0.22828330447810796
Lewis7008s01,0.8560793838233803
Lewis7008s02,0.4349225096060071
Lewis7008s03,0.6568112630414015
Lewis7008s04,0.18618386794218808
Lewis7009s01,0.9668944946577027
Lewis7009s03,0.7202893584784985
Lewis7009s04,0.852391237468671
Lewis7010s01,0.9344636700376162
Lewis7010s03,0.6110007752439857
Lewis7010s04,0.6189119659807166
Lewis7011s01,0.9317291110614871
Lewis7011s02,0.8702443115662353
Lewis7011s03,0.3967911787574767
Lewis7011s04,0.3147007115702103
Lewis7013s01,0.9377238592322815
Lewis7013s02,0.9391219348767827
Lewis7013s03,0.8192655047354984
Lewis7013s04,0.8126758290198112
Lewis4000,0.9944304090174675
Lewis4001,0.35307409689606106
Lewis4002,0.9244412677275423
Lewis4004,0.7842622639572976
Lewis4005,0.6130239043328457
Lewis4006,0.5653920256989465
Lewis4007,0.1134725215205404
Lewis4009,0.6260602783586529
Lewis4010,0.6645508138180303
Lewis4011,0.8451820613057482
Lewis4013,0.11170624052621084
Lewis4014,0.9888263167502563
Lewis4017,0.8757423900615933
Lewis4018,0.904752689570501
Lewis4019,0.8372374448084577
Lewis4020,0.7971524938525077
Lewis4021,0.832574356000139
Lewis4022,0.9848536894093877
Lewis4023,0.9247211987463602
Lewis4024,0.8665029124261974
Lewis4025,0.8906085791824365
Lewis4026,0.7813242866762239
Lewis4028,0.7039410654308218
Lewis4029,0.9922713952788665
Lewis4030,0.17097077888655093
Lewis5064s03,0.9236931300965895
Lewis5035s02,0.5081094625572695
Lewis5035s03,0.8107587209428125
Lewis5046s01,0.6515133073134722
Lewis5046s02,0.8264053407239754
Lewis5046s03,0.604803112224364
Lewis5046s04,0.9333404057548833
Lewis5047s01,0.33018325080808797
Lewis5047s02,0.0574713125631442
Lewis5047s03,0.23703736668622627
Lewis5047s04,0.43329594374107266
Lewis5048s01,0.9294602431838643
Lewis5048s02,0.9122133730824951
Lewis5048s03,0.643292679833502
Lewis5048s04,0.5665716648843157
Lewis5049s01,0.31067399420242214
Lewis5049s02,0.24850493588488162
Lewis5049s03,0.5967530674756418
Lewis5049s04,0.8718556807881274
Lewis5050s01,0.9400559716982596
Lewis5050s02,0.9032813405570338
Lewis5050s03,0.940579517937935
Lewis5050s04,0.9398993912673875
Lewis5052s01,0.7307644122665384
Lewis5052s02,0.9043976488721879
Lewis5052s03,0.8892822286276552
Lewis5052s04,0.6847897876621092
Lewis5053s01,0.8640069659087288
Lewis5053s02,0.8934432252594409
Lewis5053s03,0.8145420662923877
Lewis5053s04,0.9400026154072829
Lewis5054s01,0.07126365202184627
Lewis5054s02,0.04969930394174439
Lewis5054s03,0.161527129649977
Lewis5054s04,0.08917018372660664
Lewis5055s01,0.09697276209207943
Lewis5055s02,0.07171927535758459
Lewis5055s03,0.7244834079967772
Lewis5055s04,0.3705758286482676
Lewis5056s01,0.8361012880015335
Lewis5056s02,0.8711953877080975
Lewis5056s03,0.5395119874580244
Lewis5056s04,0.6924797151260333
Lewis5057s01,0.2424639330769144
Lewis5057s02,0.186500325106622
Lewis5057s03,0.4035493568996138
Lewis5057s04,0.15324359456194547
Lewis5058s01,0.9634907398328051
Lewis5058s02,0.43527200715556236
Lewis5058s03,0.9863831591891504
Lewis5058s04,0.4480471693731432
Lewis5060s01,0.9094316218768174
Lewis5060s02,0.6935940827815799
Lewis5060s03,0.1752826497134582
Lewis5060s04,0.5771264953323315
Lewis5062s01,0.015021495141545006
Lewis5062s02,0.2466812246181641
Lewis5062s03,0.7350673312553624
Lewis5062s04,0.43600169009613793
Lewis5063s01,0.8538219663115681
Lewis5063s02,0.7099519972252205
Lewis5063s03,0.9110983738779787
Lewis5063s04,0.750082523673943
Lewis5064s01,0.9195505685780105
Lewis5064s02,0.9179351511030044
Lewis5064s04,0.7440502888636861
Lewis5065s01,0.9301973912937076
Lewis5065s02,0.7515306935254918
Lewis5065s03,0.8656382355226199
Lewis5065s04,0.842975559560762
Lewis5066s01,0.8390407996577097
Lewis5066s02,0.8277695076710914
Lewis5066s03,0.8776410101993263
Lewis5066s04,0.8882235331948505
Lewis6004s01,0.9711609154782969
Lewis6009s01,0.6731151221580843
Lewis6009s02,0.9414705126995878
Lewis6009s03,0.9406065860149753
Lewis6013s01,0.6736243128387278
Lewis6013s02,0.13046285555575687
Lewis6013s03,0.5467004638339904
Lewis6013s04,0.9276852638037894
Lewis6014s01,0.8851731619513074
Lewis6014s02,0.8481840100192257
Lewis6014s03,0.6973971182137093
Lewis6014s04,0.7728470006208888
Lewis6015s01,0.8908289652204933
Lewis6015s02,0.6504630442974615
Lewis6015s03,0.8823586665523874
Lewis6015s04,0.9400213252391107
Lewis6016s01,0.3089914874366074
Lewis6016s02,0.7543855169219693
Lewis6016s03,0.646331234611345
Lewis6016s04,0.5898547858026806
Lewis6017s01,0.5957915400004277
Lewis6017s02,0.5260937789509614
Lewis6017s03,0.5948839651154901
Lewis6017s04,0.5261715435367765
Lewis6018s01,0.5265831997576442
Lewis6018s02,0.4231803555588206
Lewis6018s03,0.21546929170578896
Lewis6018s04,0.47235844614164985
Lewis6019s01,0.6737245767652618
Lewis6019s02,0.6592716714076866
Lewis6019s03,0.7211367791836536
Lewis6019s04,0.2578438805773251
Lewis7012s01,0.2487367176022579
Lewis7012s02,0.44616891094853767
Lewis7012s03,0.5388123576469458
Lewis7014s01,0.9557430649127112
Lewis7014s02,0.9070003685377186
Lewis7014s03,0.7888138033125665
Lewis7015s01,0.8843467667659906
Lewis7015s02,0.5705627139884485
Lewis7015s03,0.6855709621074901
Lewis7015s04,0.6192704555241291
Lewis6004s03,0.7081808054709395
Lewis5022s04,0.745032986117885
Lewis5025s02,0.05770896595435341
Lewis5025s03,0.09942051163985079
Lewis5025s04,0.12567405463253128
Lewis5026s01,0.6092554782897418
Lewis5026s02,0.04705014976070917
Lewis5026s03,0.019049900284328444
Lewis5026s04,0.02027054425631781
Lewis5027s01,0.9448195538727728
Lewis5027s02,0.9679361852008783
Lewis5027s03,0.9122823894579497
Lewis5027s04,0.8961852474401141
Lewis5029s01,0.1351128371438674
Lewis5029s02,0.7684405874897863
Lewis5029s03,0.44653782031703365
Lewis5029s04,0.528147053051124
Lewis5030s01,0.5365730538940238
Lewis5030s02,0.5052868824775283
Lewis5030s03,0.4451360903686708
Lewis5030s04,0.7579309742774598
Lewis5031s01,0.034938948591223755
Lewis5031s02,0.12289112130135434
Lewis5031s03,0.023821116388817013
Lewis5031s04,0.18247242668492253
Lewis5032s01,0.7440693481550115
Lewis5032s02,0.7494609410888591
Lewis5032s03,0.6590155916057636
Lewis5032s04,0.8474743725868275
Lewis5033s01,0.7110070511898734
Lewis5033s02,0.8117314591913236
Lewis5033s03,0.8298489002832924
Lewis5033s04,0.7408337095181257
Lewis5034s01,0.9527647284040589
Lewis5034s02,0.71946436239904
Lewis5034s03,0.6269204633808879
Lewis5034s04,0.6904772793248761
Lewis5037s01,0.9069694892114125
Lewis5037s02,0.7888358136165379
Lewis5037s03,0.8945188500717711
Lewis5037s04,0.8937396832460468
Lewis5039s01,0.38071258326553453
Lewis5039s02,0.0783610941173075
Lewis5039s03,0.9399737397134892
Lewis5039s04,0.7805117569505199
Lewis6002s01,0.32623956900030343
Lewis6003s01,0.055719750601882306
Lewis6003s02,0.04727657903066251
Lewis6003s03,0.160895306406039
Lewis6003s04,0.1806891178579897
Lewis6005s01,0.9107548936086474
Lewis6005s02,0.9040416177162117
Lewis6005s03,0.5202898510723856
Lewis6005s04,0.018309964976324575
Lewis7003s04,0.446252670970101
Lewis7004s03,0.32942709452880015
Lewis7004s04,0.6904580520208053
Lewis7005s01,0.6605580397265919
Lewis7005s02,0.46864822987569604
Lewis7005s03,0.37790605912711295
Lewis7005s04,0.4846776500244795
Lewis7006s01,0.7938467946823381
Lewis7006s02,0.9253524444788286
Lewis7006s03,0.7438782477634351
Lewis7006s04,0.778699874679616
Lewis7007s01,0.4822105454535085
Lewis7007s02,0.48519249488022176
Lewis7007s03,0.37117739587075466
Lewis7007s04,0.4439595234932448
Lewis5001s01,0.6727990056144424
Lewis5001s02,0.2713192597673328
Lewis5001s03,0.568930936812302
Lewis5001s04,0.7905684754830785
Lewis5002s01,0.9246163550670651
Lewis5002s02,0.8747856930188062
Lewis5002s03,0.24057678291173198
Lewis5002s04,0.766215344465802
Lewis5003s01,0.5005303265484022
Lewis5003s02,0.694613747083626
Lewis5003s03,0.9270073556482209
Lewis5003s04,0.8914818757815554
Lewis5004s01,0.9380628131278836
Lewis5004s02,0.8950038440009377
Lewis5004s03,0.906061254264979
Lewis5006s04,0.6900027574417602
Lewis5004s04,0.8565310539884246
Lewis5006s01,0.8639101453413435
Lewis5006s02,0.8961388227978406
Lewis5006s03,0.6095949957448008
Lewis5007s01,0.8166580872133177
Lewis5007s02,0.4664224337629692
Lewis5007s03,0.7984555208802693
Lewis5007s04,0.7256033286757422
Lewis5008s01,0.931122827650734
Lewis5008s02,0.801189063846773
Lewis5008s03,0.7038806357393641
Lewis5008s04,0.9363519332732428
Lewis5010s01,0.3622333175047113
Lewis5010s03,0.9509971996371892
Lewis5010s04,0.718625361441075
Lewis5012s01,0.8077644427691384
Lewis5012s02,0.5433239778736872
Lewis5011s01,0.5993314505522257
Lewis5011s02,0.6037240423277195
Lewis5011s03,0.9303244912207127
Lewis5011s04,0.8873221846878789
Lewis5012s03,0.4928092376855319
Lewis5012s04,0.8291904717345825
Lewis5013s01,0.9249758644693234
Lewis5013s02,0.9078272617453911
Lewis5013s03,0.9370529313058447
Lewis5013s04,0.9060718739436368
Lewis5015s01,0.8999564035723912
Lewis5015s02,0.7939440100474667
Lewis5015s03,0.9093299934626106
Lewis5015s04,0.5675556584648855
Lewis5016s01,0.1459098870740626
Lewis5016s02,0.050523497821211766
Lewis5016s03,0.17823045145311178
Lewis5016s04,0.0866725955466821
Lewis5017s01,0.9251187816261178
Lewis5017s02,0.9248665487502306
Lewis5017s03,0.902114929882067
Lewis5017s04,0.8936718957824306
Lewis5018s01,0.8065277679925719
Lewis5018s02,0.2829606975552224
Lewis5018s03,0.9400213252391107
Lewis5018s04,0.9423898318290194
Lewis5020s01,0.3410028606134744
Lewis5020s02,0.7703455489921339
Lewis5020s03,0.6376962858188377
Lewis5020s04,0.9416404558785499
Lewis5022s01,0.8628986584048767
Lewis5022s02,0.9359715987609798
Lewis5022s03,0.53694181814068
Lewis5023s01,0.8539836236825022
Lewis5023s02,0.7853408798975017
Lewis5023s03,0.9028340021938657
Lewis7001s01,0.9395300163734023
Lewis7001s02,0.9400213252391107
Lewis7002s01,0.9091425770134528
Lewis7002s02,0.46252146322655396
Lewis7002s03,0.42425448604341887
Lewis7003s01,0.929033705963466
Lewis7004s01,0.7589204031309431
Lewis7004s02,0.1678186893765357
NC59,0.7318346876554747
NC58,0.9695539471724414
NC57,0.7383821496349757
NC56,0.5374179498658828
NC55,0.9871947455797355
NC54,0.8578309861452743
NC53,0.782082528303237
NC52,0.8707613975535886
NC51,0.6889753952542724
NC50,0.8332004498233297
CD10,0.8391078494944659
NC49,0.6402295882161558
NC48,0.9090833469212928
NC47,0.5074733757630445
NC46,0.347851304251235
NC45,0.6351205547869407
NC44,0.7049865246981117
NC43,0.7595710337766
CD06,0.5058676983361737
NC9,0.7844007885422929
NC8,0.42162733678447245
NC7,0.7143239757102259
NC6,0.48599103752483913
NC5,0.3372160856421459
NC4,0.8438904084548079
NC3,0.23889681683991312
NC2,0.9447204818266968
NC1,0.6747444342714017
CD41,0.665616250233429
CD05,0.9167320023983866
CD40,0.6969800462022273
CD39,0.8341256621970442
CD38,0.7797192170176148
CD37,0.9220473625240486
CD36,0.8455962186277246
CD35,0.6446135782390109
CD34,0.905658511601151
CD33,0.8866324816277633
CD32,0.8970622441831514
CD31,0.9064592528717206
CD04,0.45623685164557704
CD30,0.8656644176158891
CD29,0.792482046174864
CD28,0.6813546906244665
CD27,0.9063991254794362
CD26,0.9667538547555953
CD25,0.8676843873513198
CD24,0.9116984826952381
CD23,0.9400213252391107
CD22,0.7989992219581984
CD21,0.9249962585268765
CD03,0.7407086471605244
CD20,0.8945277374884987
CD19,0.6462839730989297
CD18,0.8860040091619443
CD17,0.5055471522912673
CD16,0.9398491980625862
CD15,0.9742929375856428
CD14,0.9767431869712478
NC89,0.9259879133672377
NC88,0.48279279095829597
NC87,0.7709304570122685
NC86,0.3844516780727381
NC85,0.6136462063696512
NC84,0.9859623210981789
NC83,0.7610395181634785
NC82,0.7752499489047635
NC81,0.5766641176238969
NC80,0.7795525091336261
CD13,0.22733132918443816
NC79,0.8349468673073875
NC78,0.9499933883746853
NC77,0.43227996664419854
NC76,0.9720280377619175
NC75,0.9390618174304095
NC74,0.9690222277941114
NC73,0.812403376539973
NC72,0.8884511055496334
NC71,0.42234866775696006
NC70,0.7082477623634311
CD12,0.2555749626719957
NC69,0.8754667329162944
NC68,0.4459940421151913
NC67,0.39359445050414404
NC66,0.9840226683404024
NC65,0.7307894145175068
NC64,0.8290578721796711
NC63,0.83814331081155
NC62,0.9374389269374471
NC61,0.8520515151174446
NC42,0.6209976359995047
NC41,0.5487648366649941
NC40,0.9723056852932243
CD09,0.8513408778969738
NC39,0.9286673048036688
NC38,0.45010521564773803
NC37,0.8764922148791354
NC36,0.7037523574685707
NC35,0.7175266286895033
NC34,0.9883449648495087
NC33,0.700349853771712
NC32,0.8377969595212692
NC31,0.8662714775494623
NC30,0.6466121145087712
CD08,0.8627388156889504
NC29,0.8524049477086857
NC28,0.46389779277204535
NC27,0.8690888052139987
NC26,0.6885751300861742
NC25,0.92790955467196
NC24,0.9011131707275972
NC23,0.8643907560876126
NC22,0.754130959871942
NC21,0.807940701495358
NC20,0.737745027551723
CD07,0.8570520364203024
NC19,0.9357968736102872
NC18,0.9509165814421887
NC17,0.6041849587801364
NC16,0.8148568029869333
NC15,0.6518799753374088
NC14,0.7564276409760841
NC13,0.8258716065515714
NC12,0.8346123061563094
NC11,0.5602143250351823
NC10,0.2707759003211996
NC60,0.9590965529451861
CD11,0.6005865125915694
CD02,0.30486588300584944
CD01,0.25971651217398783
Federici9835,0.9251615046305346
Federici9903,0.44678504126151264
Federici9826,0.8450185701780237
Federici9885,0.6936133745721982
Federici9852,0.8816293332485013
Federici9833,0.4114206390236052
Federici9883,0.75459648995243
Federici9868,0.35420650970238715
Federici9842,0.3997179592134771
Federici9893,0.8058861630845138
Federici9906,0.6686796117289473
Federici9828,0.7189010129034805
Federici9872,0.734311421925188
Federici9837,0.7838864333311027
Federici9839,0.3518185099016009
Federici9824,0.3572790491548008
Federici9845,0.9210967223616542
Federici9894,0.2584540269991694
Federici9841,0.48286663961288206
Federici9822,0.40237233598960215
Federici9832,0.7449509841174826
Federici9909,0.76456476237124
Federici9821,0.7717898667585479
Federici9902,0.914761096372782
Federici9830,0.7549663985668033
Federici9834,0.8834482072005745
Federici9718,0.7219150225273955
Federici9907,0.6693000601391685
Federici9880,0.7427262030940329
Federici9908,0.6356149292899486
Federici9905,0.5962734539695264
Federici9900,0.6823970913029385
Federici9858,0.4405225937870142
Federici9886,0.7410908477134575
Federici9876,0.9802510250765846
Federici9891,0.32988942502032775
Federici9874,0.8532013537362647
Federici9857,0.8295409698134084
Federici9827,0.08679603299597488
Federici9873,0.8814393978008311
Federici9895,0.9143907338698858
Federici9865,0.8103768109518928
Federici9887,0.7709874796188939
Federici9850,0.8037251762994662
Federici9897,0.700267342748304
Federici9871,0.7709872296922794
Federici9844,0.8593879878040926
Federici9853,0.9300095777790441
Federici9896,0.571941854711438
Federici9901,0.7669692963630231
Federici9879,0.5928777931225467
Federici9878,0.5354664226560679
Federici9866,0.7934533830388579
Federici9724,0.7301371310380861
Federici9863,0.640151636667645
Federici9849,0.689386208403702
Federici9881,0.7360688344608991
Federici9836,0.6888034244838798
Federici9864,0.834708576638178
Federici9870,0.55052326722585
Federici9869,0.8194964572623522
Federici9888,0.6117200068656308
Federici9884,0.7013733975118844
Federici9820,0.7680610901719533
Federici9840,0.7045818638629388
Federici9862,0.927645160255757
Federici9867,0.7997370931955263
Federici9843,0.685422099103352
Federici9859,0.6087877324357066
Federici9856,0.7987677721991103
Federici9838,0.6727654712291072
Federici9855,0.799212855430147
Federici9706,0.6336461817298411
Federici9851,0.6015317908547704
Federici9705,0.6485935066421433
Federici9846,0.8677919210944359
Federici9711xxFra,0.7774955536003907
Federici9854,0.853408866108392
Federici9709,0.8411854208485875
Federici9723,0.8480122072725597
Federici9823,0.8223321560401888
Federici9899,0.5693069131276158
Federici9714,0.6676578486995252
Federici9729,0.5722277580816508
Federici9875,0.8910041346314105
Federici9707,0.7752293336441288
Federici9898,0.675760766116408
Federici9890,0.807916882200048
Federici9825,0.5125678120230766
Federici9721,0.8493336091937534
Federici9882,0.7086238321203951
Federici9860,0.7238067564457534
Federici9892,0.6556276188919928
Federici9848,0.8129870712043253
Federici9889,0.7178894170226215
Federici9861,0.7706223883785089
Federici9877,0.8283323343405468
Federici9719,0.6948845881428977
Federici9722,0.6698700968582882
Federici9725,0.7697149201487988
Federici9726,0.6396253208356112
Federici9715,0.7003859169226545
Federici9710,0.49274049132533915
Federici9717,0.8180793170156566
Federici9727,0.8176784055437102
Federici9713,0.742501038255469
Federici9720,0.7898879560694217
Federici9728,0.9066046433380982
Federici9708,0.8407362975793911
Federici9712,0.8060786455519928
Federici9716,0.30181392208399715
Federici6219,0.3481429959662998
Federici2561,0.7692936420152146
Federici8626,0.8573967467456329
Federici1627,0.16474684474227758
Federici6700,0.7208135601310661
Federici5504,0.3570030528359599
Federici8653,0.9351794875079429
Federici3780,0.9444034719604698
Federici1525,0.38411957068619473
Federici3567,0.8880481780267032
Federici6421,0.83646529133747
Federici8712,0.5627686445676416
Federici8361,0.5708885181460172
Federici6863,0.8077982575680508
Federici6824,0.7781821158944414
Federici2970,0.7798547012317465
Federici8092,0.831629287005627
Federici2081,0.7446287446710887
Federici1485,0.76011983859883
Federici7874,0.8155579778666777
Federici7409,0.8440665220730579
Federici2811,0.8777373430519483
Federici4066,0.29388801367813683
Federici2974,0.7097684853741909
Federici5028,0.8059350081879721
Federici1597,0.5406695674018575
Federici8677,0.7803219199576031
Federici4669,0.5125464739267487
Federici9273,0.49629708268025496
Federici1942,0.8130989827796261
Federici8667,0.9517351577064278
Federici9527,0.3831939043917655
Federici7391,0.9263966196228631
Federici2145,0.658435575475223
Federici2429,0.21472521247592266
Federici8483,0.8502402698868459
Federici1100,0.8020719959294299
Federici8448,0.6343487043265819
Federici8602,0.27825072519762106
Federici7049,0.9242182339605012
Federici6122,0.8207347216261318
Federici4635,0.6561140353669481
Federici2557,0.7291344233557913
Federici9493,0.3590394216972702
Federici4759,0.5525063877423277
Federici1526,0.8663745222297031
Federici8089,0.7409389301197024
Federici5202,0.7140963166786705
Federici4143,0.7108490699723977
Federici3461,0.8003343292326116
Federici6984,0.5950609320337107
Federici8277,0.9933099920834016
Federici7896,0.5914415946822315
Federici4975,0.8354164256327176
Federici6172,0.5641341700512097
Federici8541,0.3096041987535369
Federici3733,0.3046401132469347
Federici6974,0.6724970319494654
Federici3319,0.2304374467933908
Federici8938,0.9357154291063134
Federici6243,0.693787096957785
Federici7445,0.9337886603502067
Federici6281,0.8034522807804778
Federici1396,0.19642274308316313
Federici9485,0.3506209543929309
Federici4833,0.47903620222308874
Federici9565,0.8970929834626669
Federici8455,0.30527560264599646
Federici7795,0.7879740766780297
Federici8597,0.7072059778091286
Federici3326,0.44104875396526905
Federici1733,0.9107411761343972
Federici8196,0.4708197229247551
Federici9748,0.6771091045053803
Federici7850,0.5434398858865378
Federici6278,0.1270322585177064
Federici7131,0.9173097464328734
Federici4516,0.9582390015735772
Federici1881,0.24023070723989387
Federici2965,0.43896660928877035
Federici1074,0.6377558643718995
Federici2931,0.8968934635983281
Federici3017,0.8683113305205847
Federici7555,0.6114342834536503
Federici5384,0.8849126803029277
Federici3866,0.8950446972776783
Federici1133,0.49539663393248196
Federici2809,0.028830950280176515
Federici4415,0.8406924782844956
Federici9431,0.254722392084093
Federici8617,0.6271822028741655
Federici7927,0.8288633940161836
Federici4681,0.8700933127707958
Federici9160,0.8951601659639377
Federici7237,0.8536347398803729
Federici2259,0.5117968791476845
Federici8226,0.9008083098830438
Federici4605,0.8010635335072127
Federici1621,0.8472101831531358
Federici8117,0.8022781652087968
Federici3975,0.9019145522820424
Federici8951,0.8386167531536042
Federici8598,0.8750081544306554
Federici8542,0.6407044058525766
Federici3985,0.5346920192456799
Federici7886,0.4146952173991322
Federici7159,0.6469727785419237
Federici8466,0.5305325589647345
Federici8254,0.5440592810062257
Federici9537,0.9549666144130103
Federici1399,0.8659808057014445
Federici2929,0.5219879922854901
Federici2124,0.9635648220814899
Federici9711xxGerm,0.7775606661778273
Federici1619,0.4901997556778521
Federici3346,0.2507336373255438
Federici2486,0.18784195893133784
Federici8395,0.913784087123347
Federici4727,0.8413808632938398
Federici8054,0.8684043028208157
Federici2111,0.7678524838666824
Federici2998,0.7864966237240758
Federici4982,0.8113822030145162
Federici7949,0.3100224964733208
Federici2801,0.9893858589144999
Federici3542,0.9400213252391107
Federici5105,0.934044345936596
Federici5543,0.7439812535513042
Federici9481,0.7966282130779854
Federici9287,0.6049818740153314
Federici5026,0.8694951599012322
Federici5840,0.9335700088982584
Federici8034,0.8877547593350251
Federici5191,0.7889228143034447
Federici3595,0.8592802740192201
Federici6413,0.9178186509355227
Federici3337,0.27866613637705595
Federici4825,0.8682369915321909
Federici2163,0.9839750298698301
Federici2948,0.35307396649858697
Federici7470,0.5565111773028206
Federici3921,0.5108600791449166
Federici2159,0.5184416767758225
Federici9559,0.8640503499479486
Federici6663,0.9308626676235698
Federici5176,0.6103175965075525
Federici5472,0.7168425355041191
Federici6435,0.8164955399973056
Federici9298,0.6621360988096142
Federici1815,0.9474003712475031
Federici4114,0.3745592720285833
Federici7311,0.2269036136536711
Federici5508,0.7757600035460028
Federici4213,0.897436464080149
Federici9392,0.6274408805023408
Federici2634,0.804902476696218
Federici8741,0.4812598022606579
Federici5755,0.6096476151083184
Federici9669,0.5725929083326736
Federici3208,0.7284607790072604
Federici7263,0.1542076380129698
Federici8819,0.9902348889542708
Federici5681,0.7823876861673164
Federici6169,0.7486228258852026
Federici9695,0.2122740061141339
Federici7786,0.7182298584589297
Federici8012,0.8042991822656559
Federici9498,0.80140386866403
Federici8249,0.911363105787638
Federici9572,0.5304207485567909
Federici9047,0.7485678212342082
Federici7006,0.6961700360672032
Federici3553,0.5045342617375066
Federici5989,0.5029106323170396
Federici8863,0.5873334943669152
Federici5932,0.9329039641452683
Federici3458,0.6817497578927023
Federici2207,0.6295580048802918
Federici2071,0.57056260745348
Federici8969,0.44798846520176583
Federici3868,0.7232630038796363
Federici5809,0.6634089954331424
Federici5896,0.7104355887308632
Federici9253,0.9215452577830868
Federici5266,0.9547958468258789
Federici4249,0.8918301842440491
Federici2317,0.9327667131271852
Federici3577,0.929081787570884
Federici9608,0.7327409792657887
Federici3063,0.8592331566096122
Federici7091,0.9698203150481716
Federici10166,0.5355335418889788
Federici10140,0.7095884397139435
Federici10182,0.6682933657262556
Federici10164,0.7435824282625528
Federici10158,0.7554252325049425
Federici10147,0.7475768824141613
Federici10175,0.7820405885112451
Federici10191,0.8834748177979576
Federici10156,0.7683781679572497
Federici10190,0.7397351997446202
Federici10155,0.46747897220919993
Federici10184,0.6423358034628309
Federici10055,0.8531517423985443
Federici10183,0.8647116091759279
Federici10173,0.8149096870168774
Federici10199,0.913654073511649
Federici10198,0.3923892561880192
Federici10044,0.42429513240891553
Federici10149,0.6478288840219502
Federici10194,0.9099758648820603
Federici10163,0.6964144942567613
Federici10146,0.6902788359829207
Federici10148,0.5939695770944251
Federici10172,0.6900273304540019
Federici10141,0.7950377333593834
Federici10196,0.8431511995071609
Federici10192,0.6348980811063729
Federici10157,0.8041946690027831
Federici10176,0.4301779016334217
Federici10045,0.8976821879973375
Federici10154,0.951978608031046
Federici10189,0.8558616361950706
Federici10060,0.8985405100988282
Federici10171,0.7793964488020965
Federici10161,0.9077167693963997
Federici10162,0.9075660338665377
Federici10174,0.8325331475927399
Federici10179,0.9843066456851353
Federici10170,0.9211409677031737
Federici10145,0.45671390204577267
Federici10180,0.8550281005734296
Federici10114,0.9281283763694528
Federici10058,0.8437368700235672
Federici10188,0.9434067002522327
Federici10153,0.9355634489759576
Federici11520,0.555104960138962
Federici11537,0.5060488815685368
Federici11550,0.7765261436208087
Federici11466,0.6856656683934972
Federici11577,0.9454518052559234
Federici11556,0.47491462035998855
Federici11593,0.30553288503356324
Federici11524,0.7753664429988854
Federici11583,0.8266680630303999
Federici11536,0.855455563588262
Federici11560,0.8439263890326223
Federici11551,0.03992122432976347
Federici11547,0.7795713979329787
Federici11566,0.646839086319199
Federici11569,0.8218964781404189
Federici11588,0.7132130986851501
Federici11535,0.9097652537956029
Federici11528,0.8079768827204328
Federici11470,0.7169113697256547
Federici11530,0.9034447017231411
Federici11501,0.6809342173485994
Federici11589,0.769146652794667
Federici11554,0.882927696821552
Federici11515,0.6392944963384218
Federici11586,0.10693318641924704
Federici11587,0.11083354232395307
Federici11571,0.7810481296402063
Federici11563,0.7637020826481072
Federici11564,0.9210677564361464
Federici11575,0.4357959677383968
Federici11534,0.6182249626744812
Federici11472,0.8554976431094766
Federici11585,0.41474712084988635
Federici11509,0.8172975596808966
Federici11594,0.9287849014088106
Federici11540,0.9745075329484763
Federici11538,0.5533091739693358
Federici11552,0.8863851551226078
Federici11526,0.8684247448551289
Federici11468,0.7570355199107133
Federici11565,0.330187478538393
Federici11539,0.7014280495802292
Federici11581,0.8730860705461819
Federici11478,0.8573705711394238
Federici11477,0.8720630930108708
Federici11511,0.783915935433729
Federici11544,0.8379221755494549
Federici11467,0.8332749531927355
Federici11545,0.6693618860491507
Federici11475,0.7928106901664758
Federici11471,0.648604404941142
Federici11542,0.7683274202043955
Federici11510,0.6973207132915705
Federici11591,0.4970077552952321
Federici11584,0.5212713041810754
Federici11505,0.7647751167918097
Federici11529,0.8665634185324709
Federici11558,0.45010549164366187
Federici11502,0.7563463838133861
Federici11503,0.7943805765426414
Federici11592,0.3692413202835356
Federici11533,0.6552024755979868
Federici11465,0.8598088819096096
Federici11522,0.7143811335567336
Federici11497,0.6820985762665983
Federici11562,0.6741029770318511
Federici11518,0.6829022421816495
Federici11574,0.6379665542233298
Federici11568,0.8681533183150063
Federici11580,0.7794661063492253
Federici11532,0.8847772465857328
Federici11521,0.6486461624323114
Federici11578,0.7269532777735985
Federici11553,0.4074403360400415
Federici11473,0.8654079461435213
Federici11517,0.6533336431882414
Federici11523,0.4777830950019033
Federici11543,0.7554016707744986
Federici11479,0.8080907481200222
Federici11567,0.6041748776544673
Federici11576,0.7683950078844601
Federici11555,0.8477507439547313
Federici11480,0.8152835533018375
Federici11557,0.7419916019312238
Federici11507,0.6524643844317112
Federici11476,0.7828246129438372
Federici11504,0.851559914110683
Federici11519,0.21036986688020573
Federici11464,0.847466866627975
Federici11516,0.6989577576769077
Federici11496,0.6909198050312436
Federici11463,0.5032419243459938
Federici11525,0.45323096585827294
Federici11570,0.7481278523875642
Federici11492,0.6053982934771632
Federici11494,0.6872737764676254
Federici11498,0.6691161225849631
Federici11474,0.8283050831294757
Federici11512,0.6478784600091427
Federici11495,0.582201971853457
Federici11531,0.6603440390279842
Federici11499,0.8159316984434632
Federici11527,0.5432389231902226
Federici11493,0.7361395385288005
Federici11549,0.7263248354754253
Federici11546,0.47758239370454236
Federici11469,0.5639520144775836
Federici11548,0.7145700175905044
Federici11508,0.5230152164246716
Federici11514,0.8941586495072356
Federici11513,0.8050616280438747
Federici11632,0.859643152466378
Federici11559,0.8217948099029619
Federici11500,0.610392608197612
Federici11590,0.8570680803123242
Federici11506,0.8068565232706536
Federici11561,0.5481350954678567
Federici11579,0.8402183452683278
Federici11491,0.6430319779675788
S1s7,0.4839480523267681
S1s8,0.9921930994112902
S10s22,0.7411509863158287
S10s24,0.9310466165996659
S2s11,0.2738934737525461
S8s16,0.734152173312256
S8s17,0.4998553839583373
SM030818s1,0.9276507646588328
SM030818s100,0.24357355916401713
SM030818s101,0.7191473876962221
SM030818s102,0.6466091574697528
SM030818s104,0.736882883009852
SM030818s105,0.9227870501542086
SM030818s106,0.8982614401256468
SM030818s107,0.7996517661513272
SM030818s110,0.7396752678504711
SM030818s121,0.8239444985929679
SM030818s122,0.46963452407014816
SM030818s125,0.3669356963559124
SM030818s127,0.7561948519415114
SM030818s128,0.4971812011500299
SM030818s130,0.6182239811007552
SM030818s131,0.673493469822774
SM030818s132,0.6430854665648147
SM030818s133,0.9566902037076734
SM030818s134,0.7558374881332136
SM030818s135,0.9011333863774683
SM030818s136,0.7947113419467318
SM030818s138,0.6173567068257295
SM030818s139,0.8653557164072313
SM030818s140,0.6604657397929126
SM030818s141,0.6320118090757707
SM030818s142,0.5692708703644203
SM030818s143,0.2903532369685458
SM030818s144,0.5148651460782612
SM030818s145,0.3027948732397712
SM030818s146,0.7263704398669785
SM030818s147,0.46041193851522716
SM030818s148,0.6486901992064653
SM030818s24,0.6210784893858103
SM030818s33,0.9330396988051439
SM030818s83,0.8241050319193475
SM030818s92,0.8258609097147263
SM030818s97,0.15927569914013548
SM030818s99,0.42689862093900405
SM071219s66,0.36546202865683924
SM071219s89,0.3474438251638612
SM071219s92,0.79839523878044
SM071219s95,0.9277808320180473
SM111418s100,0.6609697506748807
SM111418s113,0.9283554742432405
SM111418s12,0.6167799657920469
SM111418s44,0.9216284083304176
SM111418s59,0.7232775718752061
SM111418s99,0.8251254503156377
ERR4158064,0.12819591211203696
ERR4158065,0.9355620382911024
ERR4158066,0.7900350550487509
ERR4158067,0.5466873433755043
ERR4158068,0.5158440620088732
ERR4158069,0.9301264821072458
ERR4158070,0.9088035695780016
ERR4158071,0.9294249751517205
ERR4158072,0.7353335847566335
ERR4158073,0.9888802392002128
ERR4158074,0.765992910424561
ERR4158075,0.8592383216295727
ERR4158076,0.809214120368668
ERR4158077,0.761104702429638
ERR4158078,0.7626515892245495
ERR4158079,0.41169781731426125
ERR4158080,0.9076226317037142
ERR4158081,0.9198784236169155
ERR4158082,0.5757952878203665
ERR4158083,0.4759925693099656
ERR4158084,0.9431863098416822
ERR4158085,0.9077467406520923
ERR4158086,0.7563905799089241
ERR4158087,0.8586990814999585
ERR4158088,0.5607743092670958
ERR4158089,0.10086768389948633
ERR4158090,0.9195622331651964
ERR4158091,0.9762195781448338
ERR4158092,0.9270659014335203
ERR4158093,0.9347604983489655
ERR4158094,0.6839539677313973
ERR4158095,0.07912198726958473
ERR4158096,0.47599017840962043
ERR4158097,0.88749285528123
ERR4158098,0.8128192362132678
ERR4158099,0.8011292492074993
ERR4158100,0.763345025435108
ERR4158101,0.8535423774199524
ERR4158102,0.8965873251080154
ERR4158103,0.9370219037956402
ERR4158104,0.417961374746609
ERR4158105,0.6714617767954453
ERR4158106,0.8336862273667242
ERR4158107,0.894625788881409
ERR4158108,0.8199624559318203
ERR4158109,0.8317885193023643
ERR4158110,0.9260479478897853
ERR4158111,0.4630092390455488
ERR4158112,0.3266490832481879
ERR4158113,0.8418333247737062
ERR4158114,0.8311676080050336
ERR4158115,0.8563233518323472
ERR4158116,0.8300087132111729
ERR4158117,0.5672026653522744
ERR4158118,0.7587814672345464
ERR4158119,0.7732147416144316
ERR4158120,0.9292189204844274
ERR4158121,0.9347898418239349
ERR4158122,0.7140927567934786
ERR4158123,0.7366546972584103
ERR4158124,0.7372222037289852
ERR4158125,0.7622896875693708
ERR4158126,0.7082220690058598
ERR4158127,0.8208854846508665
ERR4158128,0.505220206807257
ERR4158129,0.8343338997121414
ERR4158130,0.3544093234963421
ERR4158131,0.035584604002011376
ERR4158132,0.6912967134874619
ERR4158133,0.2790929293319137
ERR4158134,0.6969566394408869
ERR4158135,0.8506527164521231
ERR4158136,0.0033347482752573102
ERR4158137,0.9033245662573982
ERR4158138,0.8989828469341435
ERR4158139,0.22805257793885908
ERR4158140,0.8131724335166575
ERR4158141,0.04392245694587882
ERR4158142,0.30188982811365495
ERR4158143,0.9120356191364823
ERR4158144,0.9252682335383255
ERR4158145,0.48611647028867355
ERR4158146,0.6207954076475827
ERR4158147,0.43292971029879407
ERR4158148,0.883123491257573
ERR4158149,0.7985421904832577
ERR4158150,0.8652415048963982
ERR4158151,0.8540296035026927
ERR4158152,0.87596381582809
ERR4158153,0.9235089416698372
ERR4158154,0.3317811700885249
ERR4158155,0.418329006249796
ERR4158156,0.27539477108419197
ERR4158157,0.5441373367567902
ERR4158158,0.9115612973261118
ERR4158159,0.9108999142069183
ERR4158160,0.9444710652477937
ERR4158161,0.9173291139055657
ERR4158162,0.9181618308344597
ERR4158163,0.9224621076381866
ERR4158164,0.922713304409466
ERR4158165,0.42999673301215696
ERR4158167,0.8987875764801352
ERR4158168,0.8509468063919752
ERR4158169,0.8285091626521882
ERR4158170,0.9093178080589257
ERR4158171,0.6549791066300409
ERR4158172,0.12213828849208534
ERR4158173,0.25480060190103493
ERR4158174,0.013525207830923867
ERR4158175,0.07096509973424685
ERR4158176,0.07021960357596059
ERR4158177,0.8062557573886047
ERR4158178,0.6840052119006251
ERR4158179,0.8393845044595419
ERR4158180,0.8639604249660146
ERR4158181,0.8354349647905782
ERR4158182,0.8785672723279959
ERR4158183,0.828635486171439
ERR4158184,0.9427225604775153
ERR4158185,0.5224966751575231
ERR4158186,0.21058720017223534
ERR4158187,0.30818177081557563
ERR4158189,0.2960913684609187
ERR4158190,0.7287376164812192
ERR4158191,0.6805737270961018
ERR4158192,0.8660331607379612
ERR4158193,0.8196984620314405
ERR4158194,0.8358191461749044
ERR4158195,0.4202829414991398
ERR4158196,0.7919877504971669
ERR4158197,0.8117104335043392
ERR4158198,0.9034399468840425
ERR4158199,0.47510475130450697
ERR4158200,0.8435493171557398
ERR4158201,0.9334896914825569
ERR4158202,0.804682773363955
ERR4158203,0.658468807410386
ERR4158204,0.7579588080711135
ERR4158205,0.5856889233074195
ERR4158206,0.6843989162555676
ERR4158207,0.7202245007557028
ERR4158208,0.7499131335057956
ERR4158209,0.23617771195784593
ERR4158210,0.09878909808675197
ERR4158211,0.5539414813249118
ERR4158212,0.8043698002069853
ERR4158213,0.9444569403162961
ERR4158214,0.8727337068218506
ERR4158215,0.7933963959887388
ERR4158216,0.9827135641338438
ERR4158217,0.5707091730021853
ERR4158218,0.9941384250307489
ERR4158219,0.975444865133366
ERR4158220,0.9354481547717565
ERR4158221,0.6939185827142849
ERR4158222,0.9259493088144684
ERR4158224,0.9457107140941907
ERR4158225,0.9529466315628263
ERR4158226,0.4717015084711749
ERR4158227,0.5806688767513041
ERR4158228,0.7316498283979516
ERR4158229,0.6574248145804296
ERR4158230,0.6951702772706453
ERR4158231,0.9313972045894074
ERR4158232,0.854186486099692
ERR4158234,0.1512094510825395
ERR4158235,0.1544009636865188
ERR4158236,0.7926943842430147
ERR4158237,0.8344176040541902
ERR4158238,0.9261853729355577
ERR4158239,0.7515387688247805
ERR4158240,0.7338350171588082
ERR4158241,0.5488643942183581
ERR4158242,0.6142246299157331
ERR4158243,0.5811784219384762
ERR4158245,0.7236252995733502
ERR4158247,0.9911879074145653
ERR4158248,0.8505048596321257
ERR4158249,0.43120064888445186
ERR4158250,0.7717553440776196
ERR4158251,0.32353553355634274
ERR4158252,0.16706885937935784
ERR4158253,0.6277508440174128
ERR4158254,0.6759404519869558
ERR4158255,0.7657565545586522
ERR4158256,0.1263775625569302
ERR4158257,0.7753816211682399
ERR4158258,0.8265760890152396
ERR4158259,0.8985669758212066
ERR4158260,0.8324882686551012
ERR4158261,0.8754468107651325
ERR4158262,0.8242461025860607
ERR4158263,0.9729241188904607
ERR4158264,0.9873199637950172
ERR4158265,0.9598789952433509
ERR4158266,0.9637742148105038
ERR4158267,0.7470705746171864
ERR4158268,0.5567152526336459
ERR4158269,0.9009330634612092
ERR4158270,0.8291065380470977
ERR4158271,0.7467705405570033
ERR4158272,0.5643809536084233
ERR4158273,0.5043873685670448
ERR4158274,0.43650415427794964
ERR4158275,0.17027512463261044
ERR4158276,0.7944610115783357
ERR4158277,0.9204819914871679
ERR4158278,0.9154922924081554
ERR4158279,0.9056682881726782
ERR4158280,0.8473233263981426
ERR4158281,0.8519643470165085
ERR4158282,0.8105863280495146
ERR4158283,0.7585241692754952
ERR4158284,0.7995607083202806
ERR4158285,0.7454343757538324
ERR4158286,0.9221906707796851
ERR4158287,0.46831482901328736
ERR4158288,0.8252251670838145
ERR4158289,0.7120146963197369
ERR4158290,0.7932421147985991
ERR4158291,0.7881773669168111
ERR4158292,0.8855505859748724
ERR4158293,0.19761581488199367
ERR4158294,0.11866786991971554
ERR4158295,0.8534090914927757
ERR4158296,0.7222951789516361
ERR4158297,0.8282389623266412
ERR4158298,0.13581957337921954
ERR4158299,0.793655217695925
ERR4158300,0.6743716457605785
ERR4158301,0.7533532849810192
ERR4158302,0.8077174234625476
ERR4158303,0.8180439727497923
ERR4158304,0.7749902735098244
ERR4158305,0.8994043977265606
ERR4158306,0.7072337377601163
ERR4158307,0.9293433481095189
ERR4158308,0.9132300366817783
ERR4158309,0.753861175240569
ERR4158310,0.8624146713339714
ERR4158311,0.8644957438725186
ERR4158312,0.8635040623364968
ERR4158313,0.7570828003688519
ERR4158314,0.9723911666019954
ERR4158315,0.7220005465997575
ERR4158316,0.8061041637826064
ERR4158317,0.9724196987283267
ERR4158318,0.7170306964630857
ERR4158319,0.9174594999032465
ERR4158320,0.7790612862093312
ERR4158321,0.9228835275869648
ERR4158322,0.8881525604695135
ERR4158323,0.7557292176405805
ERR4158324,0.7276875263147143
ERR4158325,0.894097991184212
ERR4158326,0.9144008356033456
ERR4158327,0.8915625839776115
ERR4158328,0.886098383035684
ERR4158329,0.9175272072005566
ERR4158330,0.9050712116379971
ERR4158331,0.5735641199763977
ERR4158332,0.7600879788333977
ERR4158333,0.6336628204246175
ERR4158334,0.41138123767164037
ERR4158335,0.5516579712183768
ERR4158336,0.10802519153818109
ERR4158337,0.5348395883256233
ERR4158338,0.9099923180137656
ERR4158339,0.8582531957868481
ERR4158340,0.8142810051061954
ERR4158341,0.7340447150176939
ERR4158342,0.6100764555414339
ERR4158343,0.8378505162906126
ERR4158344,0.5543305710569417
ERR4158345,0.861174620301238
ERR4158346,0.48812928088845586
ERR4158347,0.9420757212488248
ERR4158348,0.8640309707237699
ERR4158349,0.9327275056624078
ERR4158350,0.7043635724235788
ERR4158351,0.7631830460206401
ERR4158352,0.660454043834885
ERR4158353,0.8104969676582652
ERR4158354,0.8740155268993349
ERR4158355,0.834394422147898
ERR4158356,0.8685259535046848
ERR4158357,0.5631348157750495
ERR4158358,0.494395462586844
ERR4158359,0.8038792284766527
ERR4158360,0.4923581926082089
ERR4158361,0.9310177955495915
ERR4158362,0.32623956900030343
ERR4158363,0.32623956900030343
ERR4158364,0.9921366056872278
ERR4158365,0.7260444295278334
ERR4158366,0.8394241591813997
ERR4158367,0.8734293830840232
ERR4158368,0.8345447563059655
ERR4158369,0.7999830400303696
ERR4158370,0.7428876556655816
ERR4158371,0.6881126305944774
ERR4158372,0.5438399725619071
ERR4158373,0.741876332055373
ERR4158374,0.9188640449018878
ERR4158375,0.934106284271708
ERR4158376,0.48770767440138046
ERR4158377,0.532904814806477
ERR4158378,0.6313485204885367
ERR4158379,0.5667169285190777
ERR4158380,0.5423500026855327
ERR4158381,0.3999191285465964
ERR4158382,0.21344438723196943
ERR4158383,0.46244244143988056
ERR4158384,0.79868587713778
ERR4158385,0.8007787315679568
ERR4158386,0.7622612529391627
ERR4158387,0.9813786290505708
ERR4158388,0.4141966946022515
ERR1620255,0.6624655747147372
ERR1620256,0.8427627866467811
ERR1620257,0.8537263823194365
ERR1620258,0.9628597743838344
ERR1620259,0.8373611015674933
ERR1620260,0.58687719196121
ERR1620261,0.13922974372926647
ERR1620262,0.1112293339553058
ERR1620263,0.5117649413144356
ERR1620264,0.903345211026467
ERR1620265,0.9789948875599346
ERR1620266,0.5331480671122936
ERR1620267,0.28255985416315027
ERR1620268,0.8187984668997841
ERR1620270,0.9818679981878338
ERR1620271,0.8961956167888703
ERR1620272,0.7363595076946958
ERR1620274,0.884312164286648
ERR1620275,0.49810857067610986
ERR1620276,0.8263089828470658
ERR1620278,0.05697113885467064
ERR1620280,0.7203902783237086
ERR1620282,0.9560736518533015
ERR1620283,0.19108426520436056
ERR1620285,0.725216176408654
ERR1620286,0.2327263096780852
ERR1620288,0.48737970995998336
ERR1620289,0.5949641681328217
ERR1620290,0.6465924314927929
ERR1620291,0.6733775136956772
ERR1620292,0.6933978659741756
ERR1620293,0.18989075726469823
ERR1620294,0.8222512295172651
ERR1620295,0.5833894475722895
ERR1620296,0.8500965272684519
ERR1620297,0.564035126848718
ERR1620298,0.7079431985144498
ERR1620300,0.5146040185218893
ERR1620301,0.8355416922708511
ERR1620302,0.9715323128069803
ERR1620303,0.8989342511435127
ERR1620304,0.3332917851063926
ERR1620306,0.8962037659317873
ERR1620308,0.9376238629675241
ERR1620313,0.8261285683785549
ERR1620315,0.43509872244773246
ERR1620316,0.322831367556671
ERR1620318,0.7079467934919711
ERR1620320,0.684037665224016
ERR1620322,0.7212433966389314
ERR1620323,0.9305702669019995
ERR1620324,0.30234113235733506
ERR1620325,0.9017223568037951
ERR1620326,0.804226344699899
ERR1620327,0.5064099711189013
ERR1620328,0.8474106386789209
ERR1620329,0.4086358385112461
ERR1620330,0.9134030409472784
ERR1620331,0.5600153818364345
ERR1620332,0.8967823275718076
ERR1620334,0.691821181877989
ERR1620335,0.5826832054060239
ERR1620336,0.9365500916278181
ERR1620337,0.8625496379231586
ERR1620338,0.7982597566097318
ERR1620339,0.8464715283050502
ERR1620340,0.6554459459100993
ERR1620341,0.7873697924948778
ERR1620342,0.799850142003236
ERR1620343,0.8295047006142043
ERR1620344,0.6333606720263292
ERR1620346,0.842233594230811
ERR1620347,0.7110737873235713
ERR1620348,0.8799827136777776
ERR1620349,0.9064110426425978
ERR1620350,0.7449346203842923
ERR1620351,0.8429459194619661
ERR1620352,0.8189028968528702
ERR1620353,0.7428824545828016
ERR1620355,0.8925844788871097
ERR1620356,0.8164304856324257
ERR1620357,0.9527474142517798
ERR1620358,0.9880956727119531
ERR1620359,0.930664775193287
ERR1620360,0.8764642551183424
ERR1620361,0.6924702613979055
ERR1620362,0.6507646942072788
ERR1620363,0.5183669621398271
ERR1620364,0.7882072136509362
ERR1620365,0.5844013444558026
ERR1620366,0.7812327696996166
ERR1620367,0.919589262983689
ERR1620368,0.8167998705242738
ERR1620369,0.9878070979301025
ERR1620370,0.4415742464255323
ERR1620371,0.8290291829894475
ERR1620372,0.9871087754154275
ERR1620373,0.9365133001977826
ERR1620374,0.7879794633710022
ERR1620375,0.38877197649711215
ERR1620376,0.8950688341338022
ERR1620377,0.40820612543105966
